,Unnamed: 0,CrashMasterFile,CrashMP,Rdname,CurvePresent,GradePresent,Visibility,Weather,DryRdway,Ev1_Shoulder,Ev1_OutShoulder,VOSh,Speed,Sphr,Congestion
0,0,72212928,5.779,I-64,1,0,1,0,1,0,0,0,49.71,No,0
1,1,72213552,11.074000000000002,I-64 NC,0,0,1,1,0,0,1,1,49.71,No,0
2,2,72215006,3.2510000000000003,I-64,0,0,1,0,0,0,0,0,49.71,No,0
3,3,72213911,0.217,I-64 NC,0,0,1,0,1,0,0,0,25.84,No,1
4,4,72214810,4.0310000000000015,I-64 NC,0,0,1,0,1,0,0,0,10.43,No,1
5,5,72215963,1.482,I-64,0,1,1,0,1,0,0,0,49.71,No,0
6,6,72214674,13.93,I-64 NC,0,0,1,0,1,0,0,0,49.71,No,0
7,7,72215537,22.103,I-64,0,0,1,0,1,0,0,0,49.71,No,0
8,8,72216608,1.001,I-64,1,0,1,0,1,0,0,0,49.71,No,0
9,9,72216296,19.837,I-64 NC,0,0,0,0,1,0,1,0,49.71,No,0
10,10,72216443,11.555,I-64 NC,1,0,1,0,1,0,0,0,48.6,No,0
11,11,72216616,17.2,I-64,0,0,1,0,1,0,0,0,30.4,No,1
12,12,72216747,12.456,I-64,1,0,0,0,1,1,0,0,49.71,No,0
13,13,72217274,13.134,I-64 NC,0,0,1,0,1,0,0,0,49.71,No,0
14,14,72217175,18.846,I-64,0,0,1,0,1,0,0,0,46.09,No,0
15,15,72217289,0.665,I-64 NC,1,0,1,0,1,0,0,0,46.09,No,0
16,16,72219031,17.703,I-64,0,1,1,0,1,0,0,1,49.71,No,0
17,17,72223684,8.272,I-64,0,0,1,0,1,0,0,0,47.94,No,0
18,18,72224704,16.634,I-64,0,0,1,1,0,0,1,1,49.71,No,0
19,19,72218578,12.999,I-64,0,1,1,1,0,0,0,0,49.71,No,0
20,20,72218696,12.445,I-64 NC,0,1,1,1,0,1,0,0,49.71,No,0
21,21,72218697,12.457,I-64 NC,0,1,1,1,0,1,0,0,49.71,No,0
22,22,72218698,12.738,I-64,0,1,0,0,0,1,0,0,49.71,No,0
23,23,72219046,18.421,I-64,0,1,1,0,1,0,0,0,21.74,No,1
24,24,72224783,16.749000000000002,I-64,0,0,1,0,1,0,0,0,27.05,No,1
25,25,72219045,7.877999999999999,I-64,0,0,1,0,1,0,0,0,24.15,No,1
26,26,72226937,3.432,I-64 NC,1,0,1,0,1,0,0,0,24.15,No,1
27,27,72219492,8.056000000000001,I-64 NC,1,0,1,0,1,0,0,0,34.56,No,1
28,28,72220356,4.401,I-64,0,0,1,0,1,0,0,0,49.71,No,0
29,29,72224711,16.898,I-64,0,0,1,0,1,0,0,1,23.35,No,1
30,30,72220359,12.873,I-64 NC,0,0,1,0,1,0,0,1,49.71,No,0
31,31,72220295,12.998,I-64 NC,0,0,1,0,1,0,0,1,19.89,No,1
32,32,72220360,13.052,I-64 NC,0,0,1,0,1,0,0,1,19.89,No,1
33,33,72220305,0.136,I-64 NC,0,0,1,0,1,0,0,0,24.97,No,1
34,34,72220521,17.629,I-64,0,0,1,0,1,0,0,0,19.35,No,1
35,35,72222093,0.125,I-64 NC,0,0,1,0,1,0,0,0,28.05,No,1
36,36,72221933,12.863,I-64 NC,0,0,1,1,0,0,0,1,46.14,No,0
37,37,72221912,18.876,I-64,0,0,1,1,0,0,0,0,38.99,No,1
38,38,72220818,21.4,I-64,0,0,1,0,0,0,0,1,38.18,No,1
39,39,72220843,17.67,I-64,0,0,1,0,1,0,0,0,39.64,No,1
40,40,72221305,12.739,I-64,0,0,0,1,0,0,0,0,49.71,No,0
41,41,72222998,8.488999999999999,I-64,1,0,1,1,0,0,1,0,49.71,No,0
42,42,72221611,6.439,I-64,0,0,1,0,1,0,0,1,49.71,No,0
43,43,72223068,12.9,I-64 NC,0,0,1,0,1,0,0,0,30.84,No,1
44,44,72222103,17.167,I-64,0,0,1,0,1,0,0,0,22.8,No,1
45,45,72224101,4.691,I-64,0,1,1,0,1,0,0,0,15.27,No,1
46,46,72222323,17.848,I-64,0,0,1,0,1,0,0,1,15.27,No,1
47,47,72224713,13.025,I-64 NC,0,0,1,0,1,0,0,1,49.71,No,0
48,48,72224714,14.244000000000002,I-64 NC,0,0,1,0,1,0,0,0,44.72,No,1
49,49,72225424,13.078,I-64 NC,0,0,1,0,1,0,0,0,49.71,No,0
50,50,72230929,18.724,I-64,0,0,1,0,1,0,0,1,24.34,No,1
51,51,72222919,0.25,I-64 NC,0,0,1,0,1,0,0,0,18.93,No,1
52,52,72223812,1.702,I-64,0,0,0,0,1,0,0,0,40.89,No,1
53,53,72223474,9.808,I-64 NC,0,0,0,0,1,0,0,0,49.71,No,0
54,54,72223551,19.197,I-64,0,0,1,0,1,0,0,0,49.71,No,0
55,55,72223910,12.599,I-64 NC,0,0,1,0,1,0,0,0,49.71,No,0
56,56,72223846,12.917,I-64 NC,0,0,1,0,1,0,0,1,49.71,No,0
57,57,72224103,4.16,I-64,1,1,1,0,1,0,0,0,49.71,No,0
58,58,72224121,15.664,I-64,0,1,1,0,1,0,1,0,49.71,No,0
59,59,72226470,10.74,I-64 NC,1,0,1,0,1,1,0,0,49.71,No,0
60,60,72225183,17.146,I-64,0,0,0,1,0,0,0,0,49.71,No,0
61,61,72228304,4.182,I-64,1,1,1,0,1,0,0,0,49.71,No,0
62,62,72225845,4.26,I-64,0,0,1,0,1,0,0,0,49.71,No,0
63,63,72225755,12.85,I-64 NC,0,1,1,0,1,0,0,0,49.71,No,0
64,64,72226045,7.303,I-64,0,0,1,0,0,0,0,0,21.46,No,1
65,65,72230537,9.056,I-64 NC,0,0,1,0,1,0,1,0,39.29,No,1
66,66,72226692,12.997,I-64,0,0,1,0,1,0,0,0,49.71,No,0
67,67,72226734,18.629,I-64,0,0,1,0,1,0,0,1,49.71,No,0
68,68,72227134,22.668000000000006,I-64 NC,1,0,0,0,1,0,0,0,49.71,No,0
69,69,72227475,4.835,I-64 NC,0,0,0,0,1,0,0,0,49.71,No,0
70,70,72227869,15.581,I-64 NC,0,0,1,0,1,0,0,0,47.22,No,0
71,71,72229040,12.845999999999998,I-64 NC,0,0,1,0,1,0,0,0,49.21,No,0
72,72,72228475,4.642,I-64 NC,0,0,1,0,1,0,0,0,49.71,No,0
73,73,72229363,13.358,I-64 NC,0,0,1,0,1,0,1,1,49.71,No,0
74,74,72228377,6.2860000000000005,I-64,1,0,1,0,1,0,0,0,49.71,No,0
75,75,72228682,10.859000000000002,I-64,0,0,0,0,1,0,0,0,49.39,No,0
76,76,72228769,5.3870000000000005,I-64,1,1,0,1,0,0,0,0,49.71,No,0
77,77,72229115,18.022,I-64 NC,0,0,1,0,1,0,0,0,29.4,No,1
78,78,72229273,4.133,I-64,0,0,0,0,1,0,0,0,49.71,No,0
79,79,72229525,12.532,I-64 NC,1,0,1,0,1,0,0,0,49.71,No,0
80,80,72230755,7.6,I-64,0,0,1,0,1,0,0,1,49.71,No,0
81,81,72230756,13.0,I-64,0,0,1,0,1,0,0,0,49.71,No,0
82,82,72229967,11.812,I-64 NC,0,0,1,0,1,0,0,1,45.64,No,0
83,83,72230203,0.289,I-64 NC,0,0,1,0,0,0,0,0,49.71,No,0
84,84,72232050,8.412,I-64 NC,1,1,0,0,1,0,1,0,49.71,No,0
85,85,72231549,12.522,I-64 NC,0,0,1,0,1,0,0,1,49.71,No,0
86,86,72232890,12.976,I-64,0,0,0,1,0,0,0,0,48.3,No,0
87,87,72232891,15.446,I-64,0,0,0,1,0,0,0,0,49.71,No,0
88,88,72232883,13.942,I-64 NC,0,0,1,1,0,0,0,1,46.16,No,0
89,89,72232852,13.862,I-64 NC,0,0,1,1,0,0,0,1,42.83,No,1
90,90,72232840,13.187,I-64 NC,0,0,1,1,0,0,0,0,48.0,No,0
91,91,72232841,13.034,I-64 NC,0,1,1,1,0,0,0,1,49.71,No,0
92,92,72233528,15.227,I-64 NC,0,0,1,0,1,0,0,1,49.71,No,0
93,93,72233299,18.012,I-64,0,1,1,0,1,0,0,0,38.4,No,1
94,94,72233548,8.411,I-64,1,0,1,0,1,0,0,1,38.1,No,1
95,95,72233518,7.769,I-64,0,0,0,0,0,0,0,0,49.71,No,0
96,96,72233861,0.182,I-64,0,0,1,0,1,0,0,0,49.71,No,0
97,97,72235886,12.894,I-64 NC,0,0,1,0,1,0,0,0,49.71,No,0
98,98,72234350,12.984000000000002,I-64 NC,0,0,1,1,0,0,0,0,46.38,No,0
99,99,72236647,13.797,I-64 NC,0,0,1,0,0,0,0,0,49.71,No,0
100,100,72236205,18.845,I-64,1,0,1,0,1,0,0,0,49.71,No,0
101,101,72236235,16.285,I-64,0,1,1,0,1,0,0,1,49.03,No,0
102,102,72238856,18.629,I-64,0,0,1,0,1,0,0,0,49.71,No,0
103,103,72235958,18.293,I-64,0,1,1,0,1,0,0,0,49.71,No,0
104,104,72236128,6.82,I-64 NC,0,0,0,0,1,0,0,0,49.71,No,0
105,105,72236271,22.0,I-64,0,1,1,0,1,0,0,0,11.62,Yes,1
106,106,72236439,7.786,I-64,0,0,1,0,1,0,0,1,49.71,No,0
107,107,72236415,17.538,I-64,0,0,1,0,1,0,0,0,49.71,No,0
108,108,72237537,12.839,I-64 NC,0,0,1,0,1,0,0,0,49.71,No,0
109,109,72237553,12.921,I-64 NC,0,0,1,0,1,0,0,1,49.71,No,0
110,110,72238889,17.764,I-64,0,1,1,0,1,0,0,0,49.71,No,0
111,111,72238890,17.801,I-64,0,1,1,0,1,0,0,1,49.71,No,0
112,112,72237717,12.890999999999998,I-64 NC,0,0,1,0,1,0,0,0,35.41,No,1
113,113,72238449,17.574,I-64 NC,0,1,1,0,1,0,0,1,49.71,No,0
114,114,72238862,13.2,I-64 NC,0,0,1,0,1,0,0,0,45.31,No,0
115,115,72238562,13.859000000000002,I-64 NC,0,0,1,0,1,0,0,0,49.36,No,0
116,116,72239577,11.914,I-64 NC,1,1,1,0,1,0,0,0,49.71,No,0
117,117,72240116,8.592,I-64,1,0,1,0,1,0,0,1,49.71,No,0
118,118,72239504,19.836,I-64 NC,0,1,1,1,0,0,0,1,47.73,No,0
119,119,72239871,22.827,I-64 NC,0,1,0,1,0,0,0,0,16.22,No,1
120,120,72241646,7.808,I-64,0,0,1,1,0,0,0,0,22.83,No,1
121,121,72239924,5.805,I-64,0,0,1,0,1,0,0,0,49.71,No,0
122,122,72240134,18.61,I-64 NC,0,1,1,0,1,0,0,0,49.71,No,0
123,123,72241637,4.9,I-64,1,0,1,0,1,0,0,0,49.71,No,0
124,124,72240532,4.792,I-64 NC,0,0,1,0,1,0,0,0,49.71,No,0
125,125,72240985,12.23,I-64,1,0,1,0,1,0,1,0,49.71,No,0
126,126,72242640,2.025,I-64,1,0,1,0,1,0,1,0,47.54,No,0
127,127,72241648,12.848,I-64 NC,0,0,1,0,1,0,0,1,45.12,No,0
128,128,72241651,13.208,I-64 NC,0,0,1,0,1,0,0,1,42.9,No,1
129,129,72241927,15.726,I-64 NC,0,0,1,0,1,0,0,0,48.0,No,0
130,130,72242641,13.776,I-64 NC,0,0,1,0,1,0,0,0,15.21,No,1
131,131,72242936,5.152,I-64 NC,1,1,1,0,0,0,0,0,49.71,No,0
132,132,72243014,5.231,I-64 NC,1,1,1,1,0,0,0,0,49.71,No,0
133,133,72243083,13.043,I-64 NC,0,0,1,1,0,0,0,0,49.71,No,0
134,134,72243467,13.086,I-64 NC,0,0,1,1,0,0,0,0,43.55,No,1
135,135,72243700,6.852,I-64 NC,1,0,1,1,0,0,0,0,49.71,No,0
136,136,72243773,12.924,I-64 NC,0,0,1,0,0,0,0,0,49.71,No,0
137,137,72244022,4.4,I-64,1,0,1,0,1,0,0,1,25.31,No,1
138,138,72244094,16.49,I-64,0,1,1,0,1,0,0,0,27.67,No,1
139,139,72244218,9.773,I-64,0,0,0,0,1,0,0,0,48.83,No,0
140,140,72244499,13.469,I-64 NC,0,0,1,0,1,0,0,0,40.83,No,1
141,141,72244641,12.903,I-64 NC,1,0,1,0,1,0,0,0,19.63,No,1
142,142,72244585,8.075,I-64 NC,0,0,1,0,1,0,0,0,36.89,No,1
143,143,72245656,8.573,I-64 NC,1,0,1,0,1,0,0,1,49.71,No,0
144,144,72246814,20.282,I-64 NC,0,0,0,0,1,0,0,0,48.06,No,0
145,145,72245917,18.388,I-64,0,1,1,0,1,0,0,0,23.76,No,1
146,146,72246845,13.092,I-64 NC,0,0,1,0,1,0,0,0,49.07,No,0
147,147,72246286,13.169,I-64 NC,0,0,1,0,1,0,0,0,49.71,No,0
148,148,72246847,15.235,I-64 NC,0,0,0,0,1,0,1,0,49.71,No,0
149,149,72248120,0.307,I-64 NC,0,0,0,0,1,0,0,0,49.71,No,0
150,150,72248121,0.306,I-64 NC,0,0,0,0,1,0,0,0,49.71,No,0
151,151,72246881,17.434,I-64 NC,0,0,1,0,0,0,0,0,39.33,No,1
152,152,72248918,4.027,I-64 NC,0,0,1,0,0,0,0,0,49.71,No,0
153,153,72262951,2.196,I-64 NC,0,0,1,0,1,0,0,0,49.71,No,0
154,154,72247743,1.812,I-64 NC,1,1,0,0,1,0,0,1,49.71,No,0
155,155,72248417,1.001,I-64,0,0,1,0,1,0,0,0,49.71,No,0
156,156,72248097,4.18,I-64,0,0,1,0,1,0,0,0,17.47,No,1
157,157,72250272,9.607,I-64 NC,0,0,1,0,1,0,0,0,22.25,No,1
158,158,72252578,2.499,I-64 NC,1,0,1,0,1,0,0,0,16.4,No,1
159,159,72248590,2.117,I-64 NC,0,0,1,0,1,0,0,0,18.96,No,1
160,160,72252622,12.9,I-64 NC,0,0,1,0,1,0,0,0,49.71,No,0
161,161,72252623,2.718,I-64 NC,0,0,1,0,1,0,0,0,49.71,No,0
162,162,72249172,11.808,I-64 NC,0,0,1,1,0,0,0,1,29.42,No,1
163,163,72249158,12.892,I-64 NC,0,0,0,1,0,0,0,0,49.71,No,0
164,164,72279556,0.8340000000000001,I-64,0,0,0,0,1,0,0,0,49.71,No,0
165,165,72249270,9.249,I-64,1,0,0,0,1,0,0,0,49.71,No,0
166,166,72250261,14.095999999999998,I-64 NC,0,0,1,1,0,0,0,0,49.71,No,0
167,167,72249774,17.104,I-64 NC,1,1,1,1,0,0,0,0,39.56,No,1
168,168,72249611,17.047,I-64 NC,0,0,1,1,0,0,0,0,39.56,No,1
169,169,72249705,11.817,I-64,0,0,1,1,0,0,0,0,49.71,No,0
170,170,72253919,15.228,I-64,1,0,0,1,0,0,0,0,49.71,No,0
171,171,72251963,2.117,I-64,1,1,1,1,0,0,1,0,49.71,No,0
172,172,72251787,12.894,I-64 NC,0,0,1,1,0,0,0,0,28.4,No,1
173,173,72250770,16.761,I-64,0,0,0,1,0,0,0,0,48.83,No,0
174,174,72251252,13.513,I-64 NC,0,0,1,1,0,0,0,1,13.27,No,1
175,175,72251414,2.644,I-64 NC,0,0,1,0,0,0,0,0,49.71,No,0
176,176,72251667,13.12,I-64 NC,0,1,1,0,1,0,0,1,49.71,No,0
177,177,72253992,2.402,I-64 NC,0,0,1,0,1,0,0,1,12.98,No,1
178,178,72252777,5.4689999999999985,I-64,1,0,1,0,1,0,0,0,49.71,No,0
179,179,72253865,13.702,I-64 NC,0,0,1,0,1,0,0,1,49.71,No,0
180,180,72253838,8.406,I-64,0,0,0,0,1,0,0,0,49.71,No,0
181,181,72254510,12.903,I-64 NC,0,0,1,0,1,0,0,0,23.08,No,1
182,182,72254402,17.838,I-64,0,0,1,0,1,0,0,0,13.54,No,1
183,183,72254298,10.209,I-64,0,0,0,0,1,0,0,0,49.71,No,0
184,184,72257429,12.882,I-64 NC,0,0,1,0,1,0,0,0,49.71,No,0
185,185,72257430,12.962,I-64 NC,0,0,1,0,1,0,0,0,49.71,No,0
186,186,72255013,12.745,I-64 NC,0,0,1,0,1,0,0,0,49.71,No,0
187,187,72255075,7.386,I-64,0,0,1,0,1,0,0,1,17.29,No,1
188,188,72255242,17.862000000000005,I-64,0,1,1,0,1,0,0,1,22.49,No,1
189,189,72256378,10.546,I-64,0,0,1,0,1,0,0,0,49.71,No,0
190,190,72256769,0.338,I-64 NC,0,0,1,0,1,0,0,0,37.78,No,1
191,191,72257435,12.84,I-64 NC,0,0,1,0,1,0,0,0,45.09,No,0
192,192,72257834,8.474,I-64 NC,0,0,0,0,0,0,0,0,49.71,No,0
193,193,72263974,12.599,I-64 NC,0,0,1,0,1,0,0,0,49.71,No,0
194,194,72257625,13.785,I-64 NC,0,0,1,0,1,0,0,0,49.71,No,0
195,195,72257664,13.104,I-64 NC,0,1,1,0,1,0,0,1,49.71,No,0
196,196,72257687,13.462,I-64 NC,0,0,1,0,1,0,0,0,49.71,No,0
197,197,72257877,13.877,I-64 NC,0,0,0,0,1,0,0,0,49.71,No,0
198,198,72258107,2.65,I-64,0,0,0,0,1,0,0,0,49.71,No,0
199,199,72258108,2.797,I-64,0,0,0,0,1,0,0,0,49.71,No,0
200,200,72258109,2.7960000000000003,I-64,0,0,0,0,1,0,0,0,49.71,No,0
201,201,72258049,11.653,I-64,1,0,1,0,1,0,0,0,49.71,No,0
202,202,72258676,7.616,I-64,0,0,1,0,1,0,0,0,25.65,No,1
203,203,72260317,17.753,I-64,0,0,1,0,1,0,0,0,22.14,No,1
204,204,72259264,13.913,I-64 NC,0,0,0,1,0,0,0,1,49.71,No,0
205,205,72259348,13.546,I-64 NC,0,0,0,1,0,0,0,0,49.71,No,0
206,206,72259304,14.055,I-64 NC,0,0,0,1,0,0,0,0,49.71,No,0
207,207,72259655,14.017,I-64,0,0,0,0,1,0,0,0,49.71,No,0
208,208,72259709,12.836,I-64 NC,0,0,1,0,1,0,0,0,49.71,No,0
209,209,72259710,13.359000000000002,I-64 NC,0,0,1,0,1,0,0,0,49.71,No,0
210,210,72260095,11.95,I-64 NC,0,0,1,0,1,0,0,0,49.71,No,0
211,211,72259771,14.577,I-64 NC,0,0,1,1,0,0,0,0,49.71,No,0
212,212,72261761,4.675,I-64 NC,0,0,0,1,0,0,0,0,49.71,No,0
213,213,72263827,1.203,I-64 NC,1,0,1,0,1,0,0,1,49.71,No,0
214,214,72261532,17.134,I-64,0,0,1,0,1,0,0,0,49.71,No,0
215,215,72261557,18.68,I-64,0,1,1,0,1,0,0,0,35.02,No,1
216,216,72261636,17.054000000000002,I-64 NC,0,1,1,0,1,0,0,1,49.71,No,0
217,217,72261813,2.254,I-64,1,0,1,0,1,0,0,1,49.71,No,0
218,218,72262502,8.5,I-64 NC,0,1,1,0,1,0,1,0,48.46,No,0
219,219,72262306,17.057000000000002,I-64,0,0,0,0,1,0,0,0,49.71,No,0
220,220,72263526,18.558,I-64,0,0,1,0,1,0,0,0,49.71,No,0
221,221,72262402,13.229,I-64 NC,0,0,1,0,1,0,0,0,49.71,No,0
222,222,72263830,2.5660000000000003,I-64 NC,0,0,1,0,1,0,0,0,49.71,No,0
223,223,72262608,6.653,I-64,0,0,1,1,0,0,0,0,49.71,No,0
224,224,72263655,3.627,I-64 NC,0,0,0,0,1,0,0,0,49.71,No,0
225,225,72263831,7.992000000000001,I-64 NC,1,1,1,0,1,0,0,0,49.71,No,0
226,226,72264261,4.994,I-64,0,1,1,0,1,0,0,0,35.81,No,1
227,227,72264402,11.619000000000002,I-64 NC,0,0,1,0,1,0,0,1,49.71,No,0
228,228,72264257,12.087,I-64 NC,1,1,0,0,1,0,0,0,49.71,No,0
229,229,72266737,0.981,I-64 NC,1,1,1,0,1,0,0,0,26.35,No,1
230,230,72264678,13.14,I-64 NC,0,0,0,0,1,0,0,0,49.71,No,0
231,231,72267324,13.031,I-64 NC,0,0,1,0,1,0,0,0,38.18,No,1
232,232,72267327,18.687,I-64,0,0,1,0,1,0,0,1,46.72,No,0
233,233,72265747,18.829,I-64,0,0,0,0,1,0,0,0,49.71,No,0
234,234,72266338,18.735,I-64 NC,0,0,0,0,1,0,0,0,49.57,No,0
235,235,72274284,4.676,I-64 NC,0,0,1,1,0,0,0,0,49.71,No,0
236,236,72269902,9.398,I-64,0,1,1,1,0,0,0,0,43.85,No,1
237,237,72266347,18.842,I-64 NC,0,0,0,0,0,0,0,0,49.71,No,0
238,238,72266528,13.378,I-64 NC,0,0,1,1,0,0,0,0,49.71,No,0
239,239,72267860,12.345,I-64,1,1,0,0,1,0,1,0,49.71,No,0
240,240,72267361,13.312,I-64 NC,0,0,0,0,1,0,0,0,49.71,No,0
241,241,72274286,12.719,I-64 NC,0,0,1,0,1,0,0,0,49.71,No,0
242,242,72268179,5.165,I-64,0,1,1,0,1,0,0,0,42.54,No,1
243,243,72303740,13.0,I-64 NC,0,0,1,1,0,0,0,0,49.71,No,0
244,244,72268876,8.049,I-64 NC,0,0,0,1,0,0,1,0,49.71,No,0
245,245,72268911,4.567,I-64 NC,1,0,0,1,0,0,0,0,39.39,No,1
246,246,72268980,15.54,I-64 NC,0,0,0,1,0,0,0,0,49.71,No,0
247,247,72270487,0.005,I-64 NC,0,0,1,1,0,0,0,0,42.66,No,1
248,248,72269959,12.84,I-64 NC,0,0,1,1,0,0,0,1,49.71,No,0
249,249,72269427,18.602,I-64 NC,0,0,1,1,0,1,0,1,49.71,No,0
250,250,72269436,16.684,I-64,0,0,0,1,0,0,0,0,49.71,No,0
251,251,72269666,13.292,I-64 NC,0,0,0,0,1,0,0,0,49.71,No,0
252,252,72270275,13.27,I-64 NC,0,0,1,0,1,0,0,0,49.71,No,0
253,253,72270276,13.148,I-64 NC,0,0,1,0,1,0,0,1,49.71,No,0
254,254,72270463,9.975,I-64 NC,1,1,1,0,1,0,1,0,49.71,No,0
255,255,72271783,4.7189999999999985,I-64 NC,0,0,1,0,1,0,0,0,49.71,No,0
256,256,72271336,12.911,I-64 NC,0,0,1,0,1,0,0,0,49.71,No,0
257,257,72271803,12.844,I-64 NC,0,0,1,0,1,0,0,0,49.71,No,0
258,258,72271866,12.868,I-64 NC,0,0,1,0,1,0,0,0,49.71,No,0
259,259,72272202,17.647000000000006,I-64,0,1,1,0,1,0,0,0,45.92,No,0
260,260,72277307,2.869,I-64 NC,0,0,1,0,0,0,0,1,49.71,No,0
261,261,72272689,18.141,I-64,0,0,1,0,1,0,0,0,45.59,No,0
262,262,72272495,4.624,I-64,0,0,0,0,1,0,0,0,40.65,No,1
263,263,72272490,13.015,I-64 NC,0,0,0,0,1,0,0,0,49.71,No,0
264,264,72273085,18.156,I-64,0,1,0,1,0,0,0,0,49.71,No,0
265,265,72273301,0.509,I-64 NC,1,1,1,0,0,0,0,0,49.71,No,0
266,266,72273307,11.432,I-64 NC,0,0,1,0,1,0,0,1,49.71,No,0
267,267,72274409,16.384,I-64,1,0,1,0,1,0,0,0,49.71,No,0
268,268,72273961,13.099,I-64 NC,0,0,0,0,1,0,0,0,49.71,No,0
269,269,72275655,12.957,I-64 NC,0,0,1,0,1,0,0,0,49.71,No,0
270,270,72275135,13.996,I-64 NC,0,0,1,1,0,0,0,1,48.79,No,0
271,271,72274920,11.836,I-64 NC,0,0,1,1,0,0,0,0,49.71,No,0
272,272,72274788,16.649,I-64,0,0,1,0,0,0,0,0,31.81,No,1
273,273,72277539,18.345,I-64 NC,0,0,1,1,0,0,0,0,49.71,No,0
274,274,72275073,11.845999999999998,I-64,0,1,1,1,0,0,0,0,49.71,No,0
275,275,72275224,7.772,I-64,0,0,0,1,0,0,1,1,49.71,No,0
276,276,72276747,11.747,I-64 NC,0,1,0,0,1,0,0,0,49.71,No,0
277,277,72275870,6.816,I-64 NC,0,0,0,1,0,0,0,0,46.48,No,0
278,278,72275965,0.161,I-64 NC,0,0,0,1,0,0,0,0,43.34,No,1
279,279,72275967,0.078,I-64 NC,0,0,0,1,0,0,0,0,47.38,No,0
280,280,72275966,0.078,I-64 NC,0,0,0,1,0,0,0,0,48.01,No,0
281,281,72275918,15.059,I-64,1,0,0,1,0,0,1,0,34.61,No,1
282,282,72278538,3.756,I-64 NC,1,1,0,1,0,0,1,0,8.19,No,1
283,283,72276139,10.14,I-64,0,0,0,1,0,0,0,0,37.55,No,1
284,284,72278142,10.2,I-64 NC,1,0,1,0,1,0,0,1,49.71,No,0
285,285,72278143,12.969,I-64 NC,0,0,1,0,1,0,0,1,49.71,No,0
286,286,72276977,18.921,I-64,0,0,1,0,1,0,0,1,48.05,No,0
287,287,72277133,11.002,I-64 NC,0,1,0,0,1,0,0,0,49.71,No,0
288,288,72277244,20.437,I-64,0,0,0,1,1,0,0,0,49.71,No,0
289,289,72277499,23.01,I-64 NC,0,0,0,0,1,0,0,0,49.71,No,0
290,290,72277587,19.623,I-64 NC,0,0,0,0,1,0,0,1,45.36,No,0
291,291,72279436,18.687,I-64,0,1,1,0,0,0,0,1,49.71,No,0
292,292,72278894,7.729,I-64,0,0,0,0,1,0,0,0,49.71,No,0
293,293,72279490,12.889,I-64 NC,0,0,1,0,1,0,0,0,49.71,No,0
294,294,72280223,2.359,I-64 NC,1,0,0,0,0,0,0,1,49.71,No,0
295,295,72282191,17.839000000000006,I-64,0,1,1,0,1,0,0,0,49.71,No,0
296,296,72285337,12.85,I-64 NC,0,0,0,0,1,0,0,0,49.71,No,0
297,297,72283047,12.95,I-64 NC,0,0,1,0,1,0,0,1,49.71,No,0
298,298,72282676,19.4,I-64,0,1,0,0,1,0,0,1,46.17,No,0
299,299,72282728,18.59,I-64,0,1,0,0,1,0,0,1,49.71,No,0
300,300,72282947,4.106,I-64 NC,0,0,1,1,0,0,0,0,49.71,No,0
301,301,72283086,9.6,I-64 NC,1,0,1,0,1,0,1,1,49.71,No,0
302,302,72283336,3.114,I-64 NC,1,1,0,0,1,1,0,0,49.67,No,0
303,303,72284279,12.993,I-64 NC,0,0,0,1,0,0,0,0,49.7,No,0
304,304,72283521,5.5710000000000015,I-64 NC,1,0,1,1,0,0,0,1,49.71,No,0
305,305,72283572,9.591,I-64 NC,0,0,1,1,0,0,0,0,49.71,No,0
306,306,72288190,8.248,I-64 NC,1,1,1,1,0,0,1,0,49.71,No,0
307,307,72283835,4.7189999999999985,I-64 NC,0,0,0,1,0,0,0,0,49.71,No,0
308,308,72285787,0.598,I-64 NC,0,0,0,0,0,0,0,0,49.71,No,0
309,309,72284599,7.741,I-64,0,0,0,0,1,0,0,0,43.47,No,1
310,310,72286029,21.2,I-64 NC,0,0,1,0,1,0,0,1,49.71,No,0
311,311,72284884,6.518,I-64 NC,0,0,1,0,1,0,0,1,49.71,No,0
312,312,72285242,8.597000000000001,I-64,0,1,0,0,1,0,0,0,40.16,No,1
313,313,72285459,6.771,I-64 NC,0,0,1,0,1,0,0,0,49.71,No,0
314,314,72285849,7.37,I-64,1,0,1,0,1,0,1,0,49.71,No,0
315,315,72287820,12.97,I-64 NC,0,0,1,0,1,0,0,0,49.71,No,0
316,316,72286598,21.007,I-64,0,0,0,0,1,0,0,0,47.97,No,0
317,317,72286123,7.776,I-64,0,0,0,0,1,0,0,0,47.28,No,0
318,318,72287824,14.4,I-64 NC,0,0,0,0,1,0,0,1,49.71,No,0
319,319,72286921,18.296,I-64,0,1,1,0,1,0,0,0,42.52,No,1
320,320,72288734,0.429,I-64 NC,0,0,1,0,1,0,0,0,49.71,No,0
321,321,72287350,16.521,I-64,0,0,0,0,1,0,0,0,49.71,No,0
322,322,72287896,4.154,I-64,1,1,0,0,1,0,0,0,49.71,No,0
323,323,72291434,4.2,I-64,0,0,1,0,1,0,0,0,49.71,No,0
324,324,72288046,16.57,I-64,0,0,1,0,1,0,0,0,49.71,No,0
325,325,72288468,13.358,I-64 NC,0,0,1,0,1,0,0,0,46.55,No,0
326,326,72288235,5.283,I-64,0,0,0,0,1,0,0,0,39.2,No,1
327,327,72289562,5.952000000000001,I-64,0,0,1,0,1,0,0,0,37.92,No,1
328,328,72288259,12.817,I-64 NC,0,1,0,0,1,0,0,0,49.71,No,0
329,329,72288403,8.636000000000001,I-64,1,0,0,0,1,0,0,0,49.71,No,0
330,330,72288872,10.553,I-64 NC,0,0,0,0,1,0,0,0,49.71,No,0
331,331,72288970,6.532,I-64 NC,0,0,1,0,1,0,0,1,49.71,No,0
332,332,72289627,5.997000000000001,I-64 NC,0,0,1,0,1,0,0,1,49.71,No,0
333,333,72289174,8.434,I-64,0,1,0,0,1,0,0,0,49.15,No,0
334,334,72289282,5.894,I-64,0,0,0,0,1,0,0,0,49.71,No,0
335,335,72289365,10.305,I-64,0,0,0,0,0,0,0,0,49.71,No,0
336,336,72291290,5.197,I-64 NC,1,1,1,1,0,0,0,1,18.34,No,1
337,337,72290206,5.0760000000000005,I-64,0,0,1,1,0,0,0,1,9.6,No,1
338,338,72289626,13.057,I-64 NC,1,0,1,1,0,0,0,0,22.21,No,1
339,339,72289973,8.421,I-64 NC,0,1,1,1,0,0,0,0,49.71,No,0
340,340,72289698,6.916,I-64,1,0,0,1,0,0,0,0,49.71,No,0
341,341,72290380,8.28,I-64 NC,0,0,0,0,1,0,0,0,49.71,No,0
342,342,72292198,3.719,I-64 NC,1,0,1,1,0,0,0,0,48.58,No,0
343,343,72290029,17.107,I-64,0,1,1,1,0,0,1,0,49.71,No,0
344,344,72290478,17.469,I-64 NC,0,0,0,0,1,0,1,0,48.47,No,0
345,345,72290632,17.375,I-64 NC,0,0,1,0,0,0,0,0,49.71,No,0
346,346,72292757,18.518,I-64 NC,0,0,1,0,1,0,0,0,49.71,No,0
347,347,72291294,14.008,I-64,0,0,1,0,1,0,0,0,49.71,No,0
348,348,72291129,14.233,I-64,0,0,1,0,1,0,0,0,49.61,No,0
349,349,72291604,19.203,I-64,0,1,1,0,1,0,1,0,49.71,No,0
350,350,72291745,15.879,I-64,0,0,1,0,1,0,0,0,48.84,No,0
351,351,72292279,13.152,I-64 NC,0,0,1,0,1,0,0,0,49.71,No,0
352,352,72292280,13.244000000000002,I-64 NC,0,0,1,0,1,0,0,0,49.71,No,0
353,353,72302089,13.838,I-64 NC,0,0,1,0,1,0,0,0,46.15,No,0
354,354,72293120,5.921,I-64,1,0,0,0,0,0,0,0,49.71,No,0
355,355,72293290,6.785,I-64 NC,1,0,0,1,0,0,1,0,49.71,No,0
356,356,72294177,7.074,I-64 NC,0,0,0,0,1,0,0,0,49.71,No,0
357,357,72293809,8.815,I-64,0,0,1,0,1,0,0,0,49.71,No,0
358,358,72294440,12.492,I-64,1,0,0,0,0,0,0,0,49.71,No,0
359,359,72293829,17.88,I-64,0,1,1,0,1,0,0,0,49.71,No,0
360,360,72294489,3.822,I-64,1,0,0,0,0,0,0,0,49.71,No,0
361,361,72297325,4.509,I-64,0,0,1,0,1,0,0,0,49.71,No,0
362,362,72295061,4.038,I-64,0,0,1,0,1,0,0,0,49.71,No,0
363,363,72297324,6.73,I-64 NC,0,0,1,0,1,0,0,0,49.71,No,0
364,364,72297810,4.125,I-64,0,0,0,0,1,0,0,0,49.71,No,0
365,365,72296142,7.202000000000001,I-64 NC,0,0,0,0,1,0,0,0,49.71,No,0
366,366,72296732,18.991,I-64,1,1,1,1,0,0,0,1,49.71,No,0
367,367,72296187,13.326,I-64,0,0,1,1,0,0,0,0,49.71,No,0
368,368,72296300,4.862,I-64 NC,1,0,0,1,0,0,0,0,49.71,No,0
369,369,72298127,13.028,I-64,0,0,0,1,0,0,0,1,49.71,No,0
370,370,72297357,21.866,I-64,0,1,1,1,0,0,1,0,49.71,No,0
371,371,72297421,5.9529999999999985,I-64,0,0,0,0,0,0,0,0,48.47,No,0
372,0,72212877,130.425,I-65 NC,0,0,1,0,1,0,0,1,55.3,No,0
373,1,72213603,128.644,I-65,1,1,1,0,1,0,1,1,55.3,No,0
374,2,72213709,131.407,I-65 NC,1,1,1,0,1,0,0,0,45.23,No,0
375,3,72213849,134.457,I-65 NC,1,0,1,0,0,0,0,0,16.58,No,1
376,4,72215026,135.0,I-65 NC,0,0,1,0,1,0,0,0,28.23,No,1
377,5,72215085,133.765,I-65 NC,0,1,1,0,1,0,0,0,23.02,No,1
378,6,72215789,128.80700000000002,I-65 NC,0,0,0,0,1,0,0,0,61.08,No,0
379,7,72215908,126.123,I-65,0,0,1,0,1,0,0,1,65.24,No,0
380,8,72215965,133.062,I-65 NC,1,0,1,0,1,0,0,0,40.43,No,1
381,9,72216152,136.642,I-65 NC,0,0,1,0,1,0,0,1,,,0
382,10,72216301,132.778,I-65,0,0,0,0,1,0,0,0,45.25,No,0
383,11,72216742,130.231,I-65,0,0,0,0,1,0,0,0,55.3,No,0
384,12,72217181,133.751,I-65 NC,0,0,1,0,1,0,0,0,11.06,No,1
385,13,72218343,134.976,I-65,0,0,0,0,1,0,0,0,53.5,No,0
386,14,72218885,132.692,I-65,0,0,1,0,1,0,0,0,46.12,No,0
387,15,72219252,132.56,I-65 NC,0,0,1,0,0,0,0,0,48.45,No,0
388,16,72219267,132.296,I-65 NC,1,0,1,0,1,0,0,0,48.81,No,0
389,17,72219392,134.735,I-65,1,1,1,0,0,0,0,0,29.9,No,1
390,18,72219759,128.923,I-65 NC,0,0,1,0,1,0,0,1,59.02,No,0
391,19,72220355,132.053,I-65,0,0,1,0,1,0,0,0,54.59,No,0
392,20,72220496,132.665,I-65 NC,0,0,0,0,1,0,0,0,55.3,No,0
393,21,72220806,128.221,I-65,0,0,1,1,0,0,0,1,63.46,No,0
394,22,72221008,132.43200000000002,I-65 NC,1,0,0,0,1,0,0,0,53.97,No,0
395,23,72222541,133.274,I-65 NC,0,0,1,0,1,0,0,0,16.76,No,1
396,24,72222733,129.393,I-65,0,0,1,0,1,0,0,0,35.96,No,1
397,25,72223069,132.56799999999998,I-65 NC,0,0,1,0,1,0,0,0,54.31,No,0
398,26,72223527,129.482,I-65 NC,1,1,1,0,1,0,0,1,57.97,No,0
399,27,72223533,129.034,I-65 NC,0,0,0,0,1,0,0,0,60.65,No,0
400,28,72223686,128.476,I-65,0,0,1,0,1,0,0,0,59.12,No,0
401,29,72223693,128.523,I-65,0,0,1,0,1,0,0,0,63.43,No,0
402,30,72223882,134.0,I-65 NC,0,0,1,0,1,0,0,0,42.18,No,1
403,31,72223911,136.653,I-65 NC,0,0,1,0,1,0,0,0,,,0
404,32,72224387,133.756,I-65 NC,0,0,0,0,1,0,0,0,55.3,No,0
405,33,72224793,128.0,I-65 NC,0,0,1,0,1,0,0,0,61.08,No,0
406,34,72224796,133.4,I-65 NC,0,0,1,0,1,0,0,0,55.3,No,0
407,35,72225010,133.266,I-65 NC,0,0,1,0,1,0,0,0,44.71,No,1
408,36,72225109,128.75799999999998,I-65 NC,1,0,0,0,1,0,0,0,60.65,No,0
409,37,72225291,134.0,I-65 NC,0,0,1,1,0,0,0,0,21.14,No,1
410,38,72225337,128.078,I-65,0,0,1,0,1,0,0,1,64.56,No,0
411,39,72225365,129.696,I-65,1,0,0,1,0,0,0,1,52.91,No,0
412,40,72225607,127.95,I-65,0,0,1,0,1,0,0,0,62.65,No,0
413,41,72225666,127.005,I-65,0,0,1,0,1,0,0,1,64.56,No,0
414,42,72225973,124.707,I-65 NC,0,0,1,0,1,0,0,1,26.67,No,1
415,43,72226201,123.221,I-65,0,0,0,0,1,1,0,0,66.8,No,0
416,44,72226263,126.721,I-65,0,0,1,0,1,0,0,0,64.56,No,0
417,45,72226306,136.276,I-65,0,0,1,0,1,0,0,0,49.71,No,0
418,46,72226401,127.743,I-65,0,0,1,1,0,0,0,0,42.48,No,1
419,47,72226507,130.26,I-65 NC,0,0,1,1,0,0,0,0,46.05,No,0
420,48,72226797,136.8,I-65 NC,0,0,1,0,1,0,0,0,,,0
421,49,72226960,134.974,I-65 NC,1,0,1,0,1,0,0,0,41.77,No,1
422,50,72226980,136.262,I-65 NC,0,0,1,0,1,0,0,0,51.26,No,0
423,51,72228761,129.149,I-65,0,0,0,1,0,0,1,0,55.3,No,0
424,52,72229096,125.0,I-65 NC,0,0,1,0,1,0,0,0,20.4,No,1
425,53,72229455,129.563,I-65 NC,0,0,1,0,1,0,0,0,49.41,No,0
426,54,72229697,129.349,I-65,0,0,1,0,1,0,0,0,47.34,No,0
427,55,72230701,130.94899999999998,I-65 NC,0,0,1,0,1,0,0,0,55.3,No,0
428,56,72230757,131.407,I-65 NC,1,0,1,0,1,0,0,0,55.3,No,0
429,57,72231307,125.852,I-65 NC,1,0,1,0,1,0,0,1,65.24,No,0
430,58,72231822,126.001,I-65 NC,0,0,1,0,1,0,0,1,51.95,No,0
431,59,72231874,132.605,I-65,1,0,0,0,1,1,0,1,55.3,No,0
432,60,72232221,133.0,I-65,0,0,1,0,1,0,0,0,29.04,No,1
433,61,72232314,134.941,I-65,0,0,1,1,0,0,0,1,48.34,No,0
434,62,72232315,134.72299999999998,I-65,0,0,1,1,0,0,0,0,50.79,No,0
435,63,72232317,135.017,I-65 NC,0,0,1,0,0,0,0,1,22.28,No,1
436,64,72232565,130.284,I-65,0,0,1,1,0,0,0,0,25.26,No,1
437,65,72232582,125.582,I-65,0,0,1,1,0,0,0,0,51.65,No,0
438,66,72233025,132.916,I-65 NC,0,0,1,0,1,0,0,0,48.43,No,0
439,67,72233221,131.74,I-65 NC,0,0,1,0,1,0,0,1,40.93,No,1
440,68,72233544,129.6,I-65,1,1,1,0,1,0,0,0,55.3,No,0
441,69,72233953,133.053,I-65 NC,1,1,1,0,1,0,0,0,45.61,No,0
442,70,72234713,128.563,I-65,1,0,1,0,1,0,0,1,55.3,No,0
443,71,72234779,131.82299999999998,I-65,0,0,1,1,0,0,0,0,24.87,No,1
444,72,72234802,133.922,I-65,0,0,1,0,1,0,0,0,52.78,No,0
445,73,72235026,133.89,I-65 NC,0,0,1,0,1,0,0,0,29.46,No,1
446,74,72235179,132.634,I-65 NC,0,0,0,0,1,0,0,0,55.3,No,0
447,75,72235236,131.0,I-65,1,1,0,1,0,0,0,0,53.5,No,0
448,76,72235465,133.344,I-65,0,0,1,0,1,0,0,0,39.19,No,1
449,77,72235650,133.233,I-65 NC,0,0,0,0,1,0,0,0,55.3,No,0
450,78,72236326,134.596,I-65 NC,0,0,1,0,1,0,0,0,55.24,No,0
451,79,72236701,136.628,I-65,1,0,1,0,1,0,0,1,49.71,No,0
452,80,72236795,133.566,I-65 NC,0,0,1,0,1,0,0,0,55.3,No,0
453,81,72237190,131.05200000000002,I-65,0,0,0,0,1,0,0,0,55.3,No,0
454,82,72237657,126.274,I-65 NC,0,0,0,0,1,0,0,0,63.24,No,0
455,83,72238009,133.89,I-65 NC,0,0,1,0,1,0,0,0,51.87,No,0
456,84,72238018,133.10299999999998,I-65,0,0,1,0,1,0,0,0,14.1,No,1
457,85,72238375,128.213,I-65,0,0,1,0,1,0,0,0,45.17,No,0
458,86,72238377,130.63,I-65,0,0,1,0,1,0,0,1,19.82,No,1
459,87,72238657,124.762,I-65,0,0,0,0,1,0,0,0,66.8,No,0
460,88,72238732,123.782,I-65 NC,0,0,0,0,1,0,0,0,67.92,No,0
461,89,72238893,131.0,I-65 NC,0,1,1,0,1,0,0,0,51.05,No,0
462,90,72238928,127.925,I-65 NC,0,0,0,0,1,0,0,0,60.42,No,0
463,91,72239819,125.444,I-65 NC,0,0,1,1,0,0,0,1,27.6,No,1
464,92,72240639,133.94899999999998,I-65,0,0,1,0,1,0,0,0,55.3,No,0
465,93,72240858,128.445,I-65 NC,0,0,1,0,1,0,0,1,60.65,No,0
466,94,72241015,135.954,I-65 NC,1,0,1,0,1,0,0,0,,,0
467,95,72241114,125.887,I-65 NC,1,0,1,0,1,0,0,1,63.96,No,0
468,96,72241605,134.326,I-65,1,0,1,0,1,0,0,0,55.3,No,0
469,97,72243023,132.232,I-65,1,1,1,1,0,0,0,0,15.83,No,1
470,98,72243123,132.029,I-65,1,0,0,1,0,1,0,0,6.93,No,1
471,99,72243513,129.82,I-65,0,0,1,1,0,0,0,1,55.3,No,0
472,100,72243528,133.923,I-65,0,0,1,1,0,0,0,0,27.19,No,1
473,101,72244013,134.594,I-65,0,0,1,0,0,0,0,0,30.66,No,1
474,102,72244198,132.42,I-65,1,0,1,1,0,0,0,0,53.38,No,0
475,103,72244199,132.429,I-65,1,0,1,1,0,0,0,0,53.38,No,0
476,104,72244402,129.333,I-65,0,0,1,0,1,0,0,0,55.3,No,0
477,105,72244683,124.717,I-65,0,0,1,0,1,0,0,1,66.29,No,0
478,106,72244754,125.582,I-65,0,0,1,0,1,0,0,0,37.07,No,1
479,107,72245053,134.968,I-65 NC,0,0,1,0,1,0,0,0,55.24,No,0
480,108,72245424,125.623,I-65 NC,0,0,1,0,1,0,0,1,42.33,No,1
481,109,72245433,134.968,I-65 NC,0,0,1,0,1,0,0,0,33.03,No,1
482,110,72245894,131.322,I-65 NC,1,0,1,0,1,0,0,0,45.44,No,0
483,111,72245899,133.0,I-65 NC,0,1,1,0,1,0,0,0,42.45,No,1
484,112,72245919,132.72,I-65,0,0,1,0,1,0,0,0,55.3,No,0
485,113,72246506,135.308,I-65 NC,0,0,1,0,1,0,0,1,49.71,No,0
486,114,72246804,131.846,I-65,1,0,0,1,0,0,0,0,55.3,No,0
487,115,72247798,132.684,I-65,0,0,0,1,0,0,0,0,41.96,No,1
488,116,72248108,128.27200000000002,I-65 NC,0,0,1,0,1,0,0,1,60.65,No,0
489,117,72248419,135.0,I-65 NC,0,0,1,0,1,0,0,0,31.03,No,1
490,118,72248961,131.25799999999998,I-65 NC,1,0,1,0,1,0,0,0,43.01,No,1
491,119,72249083,133.765,I-65 NC,1,1,0,0,1,0,0,0,55.3,No,0
492,120,72249383,132.665,I-65,1,0,1,0,1,0,1,0,55.3,No,0
493,121,72249460,132.224,I-65,0,0,1,1,0,0,0,1,49.39,No,0
494,122,72249465,131.029,I-65 NC,0,0,1,0,1,0,0,0,43.01,No,1
495,123,72249723,135.915,I-65 NC,1,0,0,1,0,0,0,0,,,0
496,124,72249869,132.749,I-65,1,0,1,1,0,0,0,0,55.3,No,0
497,125,72250009,127.976,I-65,0,0,1,1,0,0,0,0,64.56,No,0
498,126,72250018,134.043,I-65,0,0,1,1,0,0,0,0,55.3,No,0
499,127,72250174,128.85,I-65 NC,1,0,1,0,0,0,1,1,60.02,No,0
500,128,72250250,134.695,I-65 NC,0,0,1,1,0,0,0,0,50.63,No,0
501,129,72250329,136.35399999999998,I-65,1,0,1,0,1,0,0,0,49.71,No,0
502,130,72250598,128.843,I-65 NC,0,1,1,1,0,0,0,0,60.16,No,0
503,131,72250621,133.249,I-65 NC,1,1,1,1,0,0,0,0,50.51,No,0
504,132,72250899,128.336,I-65,0,0,0,1,0,0,0,1,55.37,No,0
505,133,72251215,125.578,I-65,0,0,1,1,0,0,0,0,43.68,No,1
506,134,72251260,128.673,I-65,0,0,1,0,0,0,0,1,24.28,No,1
507,135,72251484,126.688,I-65,0,0,0,0,0,0,0,0,18.06,No,1
508,136,72251774,135.459,I-65 NC,0,0,0,0,0,0,0,0,49.71,No,0
509,137,72251786,124.333,I-65,0,0,1,1,0,0,0,1,60.06,No,0
510,138,72251812,131.989,I-65 NC,0,0,1,0,1,0,0,0,39.22,No,1
511,139,72252097,136.343,I-65,1,0,1,0,1,0,0,0,49.71,No,0
512,140,72252253,131.128,I-65 NC,0,0,1,0,0,0,0,0,34.66,No,1
513,141,72252577,131.29399999999998,I-65,0,0,0,1,1,0,0,1,39.9,No,1
514,142,72252620,133.0,I-65 NC,1,1,1,0,1,0,0,0,33.79,No,1
515,143,72252627,134.798,I-65 NC,0,0,1,1,0,0,0,0,19.78,No,1
516,144,72252815,131.989,I-65 NC,0,0,1,0,1,0,0,1,55.3,No,0
517,145,72253079,125.363,I-65 NC,0,0,1,0,1,0,0,1,29.55,No,1
518,146,72253374,131.21200000000002,I-65 NC,0,0,0,0,1,0,0,0,55.3,No,0
519,147,72253411,128.79399999999998,I-65 NC,1,0,0,1,0,0,0,0,60.65,No,0
520,148,72253478,125.925,I-65,0,0,1,0,1,0,0,1,64.89,No,0
521,149,72254287,133.80200000000002,I-65,1,0,0,1,0,0,0,0,55.3,No,0
522,150,72254419,131.88,I-65 NC,0,0,1,0,1,0,0,0,55.3,No,0
523,151,72254652,135.553,I-65,1,0,1,0,1,0,0,1,49.71,No,0
524,152,72255058,132.888,I-65,0,0,1,0,1,0,0,0,47.34,No,0
525,153,72255067,130.938,I-65 NC,0,0,1,0,1,0,0,1,41.61,No,1
526,154,72255353,128.874,I-65,0,0,1,0,1,0,0,0,22.95,No,1
527,155,72255531,131.314,I-65 NC,0,0,1,0,1,0,0,0,36.28,No,1
528,156,72255538,131.181,I-65 NC,0,0,1,0,1,0,0,1,44.55,No,1
529,157,72255561,135.00799999999998,I-65,0,0,1,0,1,0,0,0,46.91,No,0
530,158,72255701,133.53,I-65 NC,0,0,1,0,1,0,0,1,33.53,No,1
531,159,72256092,136.671,I-65 NC,1,1,0,0,1,0,0,0,,,0
532,160,72256104,135.47299999999998,I-65 NC,0,0,0,0,1,0,0,0,15.49,No,1
533,161,72256266,134.905,I-65 NC,0,0,0,0,1,0,0,0,55.24,No,0
534,162,72256756,128.21200000000002,I-65,0,0,1,0,1,0,0,0,64.56,No,0
535,163,72256942,135.70600000000002,I-65 NC,1,0,1,0,1,0,0,0,42.32,No,1
536,164,72257417,135.744,I-65,0,0,1,1,0,1,0,0,49.46,No,0
537,165,72257425,135.191,I-65 NC,0,0,1,0,1,0,0,1,33.2,No,1
538,166,72258004,131.211,I-65 NC,0,0,1,0,1,0,0,0,55.3,No,0
539,167,72258148,128.765,I-65 NC,0,0,1,0,1,0,0,0,60.65,No,0
540,168,72258193,133.868,I-65 NC,0,0,1,0,1,0,0,0,28.93,No,1
541,169,72258250,135.0,I-65,0,0,0,0,1,0,0,0,52.39,No,0
542,170,72258384,123.53,I-65 NC,0,0,0,0,1,0,1,0,62.18,No,0
543,171,72258618,135.977,I-65 NC,0,0,1,0,1,0,0,0,,,0
544,172,72258834,134.549,I-65,0,0,1,0,1,0,0,0,32.79,No,1
545,173,72259169,136.987,I-65,0,0,1,1,0,0,0,0,46.99,No,0
546,174,72259384,132.72799999999998,I-65 NC,0,0,0,0,1,0,0,0,27.7,No,1
547,175,72259667,135.816,I-65,1,0,0,1,0,0,0,0,49.71,No,0
548,176,72259791,132.418,I-65,1,0,1,0,1,0,0,0,25.46,No,1
549,177,72260091,131.253,I-65 NC,0,0,0,1,0,0,0,1,55.3,No,0
550,178,72260316,132.65,I-65 NC,1,0,0,1,0,0,0,1,44.46,No,1
551,179,72260356,136.371,I-65,1,1,1,1,0,0,0,0,49.71,No,0
552,180,72260526,131.259,I-65,0,0,1,1,0,0,0,1,9.92,No,1
553,181,72260808,135.985,I-65 NC,0,0,1,1,0,0,0,0,,,0
554,182,72260867,131.375,I-65 NC,1,1,0,1,0,0,0,1,35.08,No,1
555,183,72261139,135.654,I-65,0,0,1,0,1,0,0,0,49.71,No,0
556,184,72261718,134.77700000000002,I-65,1,0,0,0,1,0,0,0,22.93,No,1
557,185,72262219,129.135,I-65,0,0,0,0,1,0,0,1,48.88,No,0
558,186,72262280,136.692,I-65 NC,0,0,0,0,1,0,0,0,,,0
559,187,72262320,133.89600000000002,I-65,0,0,1,0,1,0,0,0,52.25,No,0
560,188,72262504,124.64,I-65 NC,0,0,1,0,1,0,0,0,59.95,No,0
561,189,72262593,133.55100000000002,I-65 NC,1,1,1,1,0,0,0,0,32.15,No,1
562,190,72262672,133.149,I-65,0,1,1,0,1,0,0,0,35.06,No,1
563,191,72262851,129.108,I-65,0,0,0,0,0,0,0,0,10.38,No,1
564,192,72263346,133.8,I-65,1,0,1,0,1,0,0,1,40.18,No,1
565,193,72263829,124.805,I-65 NC,0,0,1,0,1,0,0,1,41.71,No,1
566,194,72264548,129.622,I-65,1,1,0,1,0,0,0,0,4.69,No,1
567,195,72264739,125.753,I-65 NC,0,0,0,0,1,0,0,0,65.24,No,0
568,196,72264767,134.67,I-65,0,0,1,0,1,0,0,0,52.73,No,0
569,197,72264817,126.62,I-65,0,0,1,0,1,0,0,0,64.56,No,0
570,198,72265058,125.102,I-65 NC,0,0,1,0,1,0,0,1,38.07,No,1
571,199,72265249,129.024,I-65,1,0,0,0,1,0,0,0,53.59,No,0
572,200,72265533,130.76,I-65 NC,0,0,1,0,1,0,0,1,45.31,No,0
573,201,72265560,134.055,I-65,0,0,1,0,1,0,0,0,43.78,No,1
574,202,72265792,126.219,I-65 NC,0,0,1,1,0,0,1,0,64.86,No,0
575,203,72266103,134.292,I-65,0,0,1,1,0,0,0,0,25.02,No,1
576,204,72266125,134.907,I-65 NC,0,0,1,0,1,0,0,0,17.48,No,1
577,205,72266185,124.715,I-65,0,0,1,1,0,0,0,1,49.31,No,0
578,206,72266425,133.825,I-65,0,0,0,0,0,0,0,0,55.3,No,0
579,207,72267342,132.74200000000002,I-65,1,0,0,0,0,0,0,0,55.3,No,0
580,208,72267992,136.137,I-65,0,0,1,0,1,0,0,0,49.71,No,0
581,209,72268233,133.29,I-65,0,0,1,0,1,0,0,0,39.41,No,1
582,210,72268474,136.41299999999998,I-65,1,1,1,1,0,1,0,0,46.07,No,0
583,211,72269437,127.018,I-65,0,0,1,0,0,0,0,0,63.56,No,0
584,212,72269602,126.042,I-65 NC,0,0,0,1,0,0,0,1,58.27,No,0
585,213,72269631,132.764,I-65,0,0,0,1,0,0,0,0,53.38,No,0
586,214,72269632,132.92700000000002,I-65 NC,0,0,0,0,1,0,0,0,55.3,No,0
587,215,72270019,129.70600000000002,I-65,1,0,1,0,1,0,0,1,39.27,No,1
588,216,72270462,132.664,I-65,1,0,1,0,1,0,0,0,55.3,No,0
589,217,72270909,136.405,I-65,0,0,1,0,1,0,0,0,49.71,No,0
590,218,72271102,133.606,I-65,1,0,1,1,0,0,1,0,25.56,No,1
591,219,72271147,128.253,I-65,0,1,0,1,0,0,0,0,2.38,No,1
592,220,72271148,126.794,I-65,0,0,0,1,0,0,0,1,48.9,No,0
593,221,72271203,136.345,I-65 NC,1,0,1,1,0,0,0,0,,,0
594,222,72271312,129.002,I-65 NC,0,0,1,0,1,0,0,0,55.78,No,0
595,223,72271313,129.001,I-65 NC,0,0,1,0,1,0,0,0,55.78,No,0
596,224,72271547,124.668,I-65,0,0,0,1,0,0,0,0,47.35,No,0
597,225,72271595,131.31,I-65,1,1,0,1,0,0,0,0,51.46,No,0
598,226,72271784,131.79,I-65,1,0,0,0,1,0,0,0,10.68,No,1
599,227,72273280,132.39700000000002,I-65,0,0,1,0,1,0,0,0,7.31,No,1
600,228,72273597,124.313,I-65,0,0,0,0,1,0,0,0,66.8,No,0
601,229,72274289,129.4,I-65 NC,1,1,1,1,0,0,0,1,56.16,No,0
602,230,72274678,130.197,I-65,0,0,0,0,1,0,0,0,55.3,No,0
603,231,72274904,134.279,I-65,1,0,0,0,1,0,0,0,24.83,No,1
604,232,72275850,134.982,I-65,0,0,0,0,1,0,0,0,40.18,No,1
605,233,72275878,136.685,I-65,0,0,0,1,0,0,0,1,46.72,No,0
606,234,72276719,131.063,I-65 NC,1,0,0,1,0,0,0,1,36.59,No,1
607,235,72276773,134.08700000000002,I-65,1,0,1,1,0,0,0,0,55.3,No,0
608,236,72277442,133.23,I-65,0,0,0,0,1,0,0,0,24.33,No,1
609,237,72278141,126.001,I-65 NC,0,0,0,1,0,0,0,1,15.97,No,1
610,238,72278146,133.835,I-65,0,0,1,0,1,0,0,0,50.46,No,0
611,239,72278360,131.2,I-65 NC,1,1,0,1,0,0,0,1,51.66,No,0
612,240,72278533,133.953,I-65 NC,0,0,0,0,0,0,0,1,52.29,No,0
613,241,72278755,133.78,I-65 NC,0,0,1,1,0,0,0,0,36.84,No,1
614,242,72278797,133.83100000000002,I-65,1,1,1,1,0,0,0,0,47.02,No,0
615,243,72279150,136.184,I-65 NC,1,1,1,0,1,0,0,0,51.26,No,0
616,244,72279923,129.2,I-65,0,0,0,1,0,0,0,0,55.3,No,0
617,245,72280170,131.668,I-65 NC,0,0,0,0,1,0,0,0,55.3,No,0
618,246,72280340,124.0,I-65,0,0,1,0,1,0,0,1,66.8,No,0
619,247,72280414,128.859,I-65 NC,0,0,1,0,1,0,0,0,60.65,No,0
620,248,72280463,124.009,I-65 NC,0,0,0,1,1,0,0,0,53.26,No,0
621,249,72281247,134.931,I-65,0,0,0,0,1,0,0,0,52.27,No,0
622,250,72282231,136.5,I-65,1,0,1,0,1,0,0,0,49.71,No,0
623,251,72282415,132.79,I-65 NC,1,1,1,0,1,0,0,0,55.3,No,0
624,252,72282416,134.613,I-65,0,1,1,0,1,0,0,0,50.81,No,0
625,253,72282688,129.357,I-65,0,0,1,0,1,0,0,0,37.58,No,1
626,254,72282920,136.24200000000002,I-65 NC,1,1,0,1,0,0,0,0,51.26,No,0
627,255,72282945,128.87,I-65,0,0,0,0,1,0,0,1,29.23,No,1
628,256,72282946,128.813,I-65,0,0,0,0,1,0,0,0,25.19,No,1
629,257,72283399,126.196,I-65 NC,0,0,0,0,1,0,0,0,19.03,No,1
630,258,72283532,132.106,I-65,1,0,1,1,0,0,0,1,46.22,No,0
631,259,72283652,132.721,I-65 NC,1,0,1,1,0,0,0,0,55.3,No,0
632,260,72283692,132.414,I-65,1,0,1,1,0,0,0,1,45.84,No,0
633,261,72284029,132.57,I-65,0,0,1,0,1,0,0,0,55.3,No,0
634,262,72284868,135.707,I-65,0,1,1,0,1,0,0,0,49.71,No,0
635,263,72284882,134.988,I-65,0,0,1,0,1,0,0,0,38.19,No,1
636,264,72285335,135.31,I-65 NC,1,1,1,0,1,0,0,1,35.41,No,1
637,265,72285679,132.782,I-65,1,0,0,0,1,0,0,0,51.86,No,0
638,266,72285818,134.91299999999998,I-65,0,0,0,0,1,0,0,0,53.38,No,0
639,267,72285930,126.12,I-65,0,0,1,0,1,0,0,1,65.24,No,0
640,268,72286263,134.91899999999998,I-65,0,0,0,0,1,0,0,0,47.32,No,0
641,269,72287307,134.407,I-65,0,0,0,0,1,0,0,0,46.22,No,0
642,270,72287538,129.368,I-65,0,0,1,0,1,0,0,1,38.19,No,1
643,271,72287823,134.798,I-65 NC,0,0,1,0,1,0,0,0,14.07,No,1
644,272,72287826,132.05100000000002,I-65,0,1,1,0,1,0,0,1,32.27,No,1
645,273,72288021,131.119,I-65,1,1,1,0,1,0,0,0,30.67,No,1
646,274,72288239,133.149,I-65 NC,0,0,0,0,1,0,0,1,29.9,No,1
647,275,72288394,134.374,I-65 NC,0,1,0,0,1,0,0,0,24.03,No,1
648,276,72288760,129.559,I-65 NC,0,0,0,0,1,0,0,0,55.3,No,0
649,277,72289217,128.783,I-65 NC,0,1,1,0,1,0,0,1,60.65,No,0
650,278,72289390,136.68,I-65 NC,0,0,0,0,1,0,0,0,,,0
651,279,72289467,135.018,I-65 NC,0,0,1,0,1,0,0,1,21.11,No,1
652,280,72289702,125.224,I-65 NC,0,0,0,1,0,0,0,0,44.44,No,1
653,281,72289869,128.07,I-65 NC,0,0,0,0,1,0,0,0,60.65,No,0
654,282,72290264,135.453,I-65 NC,0,0,0,1,0,0,0,0,7.44,No,1
655,283,72290461,132.612,I-65,1,0,0,1,0,0,0,0,49.76,No,0
656,284,72290860,130.02100000000002,I-65 NC,0,0,0,0,1,0,0,0,51.39,No,0
657,285,72290994,126.691,I-65 NC,0,0,1,0,1,0,0,0,34.27,No,1
658,286,72291291,128.616,I-65,0,0,0,1,0,0,0,1,20.1,No,1
659,287,72291292,133.842,I-65 NC,0,0,1,0,1,0,0,0,55.3,No,0
660,288,72291347,126.223,I-65,0,0,0,0,1,0,0,0,65.24,No,0
661,289,72291436,128.56799999999998,I-65,0,0,1,0,1,0,0,1,25.54,No,1
662,290,72291553,135.252,I-65,1,0,1,0,1,0,0,0,46.67,No,0
663,291,72291938,128.58,I-65,0,0,1,1,0,0,0,1,52.12,No,0
664,292,72292235,134.753,I-65 NC,0,0,1,0,1,0,0,1,29.23,No,1
665,293,72292352,128.56,I-65,0,0,1,0,1,0,0,0,43.78,No,1
666,294,72292353,126.278,I-65,0,0,1,0,1,0,0,0,55.77,No,0
667,295,72292354,134.408,I-65,0,0,1,0,1,0,1,0,55.3,No,0
668,296,72292543,135.132,I-65 NC,1,0,0,0,1,0,0,0,49.71,No,0
669,297,72292810,124.638,I-65,0,0,0,1,0,0,0,0,58.34,No,0
670,298,72293068,132.688,I-65,1,0,0,1,0,0,1,0,55.3,No,0
671,299,72293756,128.563,I-65,0,0,0,0,1,0,0,0,34.73,No,1
672,300,72293871,132.279,I-65,0,0,1,0,1,0,0,0,16.63,No,1
673,301,72293872,132.239,I-65,0,0,1,0,1,0,0,0,13.48,No,1
674,302,72293882,134.735,I-65,1,0,1,0,1,0,0,1,55.3,No,0
675,303,72293922,123.555,I-65,0,0,0,1,0,0,0,0,63.45,No,0
676,304,72294127,134.825,I-65,1,0,0,0,1,0,0,0,53.38,No,0
677,305,72294546,133.872,I-65 NC,1,1,1,0,1,0,0,0,55.3,No,0
678,306,72294547,133.875,I-65 NC,1,1,1,0,1,0,0,0,55.3,No,0
679,307,72294886,133.119,I-65 NC,1,0,1,0,0,0,0,0,51.09,No,0
680,308,72295230,131.483,I-65,1,0,0,0,1,0,0,0,48.62,No,0
681,309,72295919,129.766,I-65 NC,1,1,0,0,1,0,0,0,55.3,No,0
682,310,72296440,133.90200000000002,I-65,1,0,0,0,1,0,0,0,55.3,No,0
683,311,72297116,129.191,I-65,0,0,0,0,1,0,0,0,44.94,No,1
684,312,72297137,129.636,I-65,1,0,0,1,0,0,0,0,54.99,No,0
685,313,72297281,129.715,I-65,0,0,1,1,0,0,0,0,55.3,No,0
686,314,72297515,132.422,I-65,1,0,0,1,0,0,0,1,52.02,No,0
687,315,72299156,132.912,I-65 NC,0,0,0,0,1,0,0,0,53.54,No,0
688,316,72302085,133.0,I-65 NC,1,1,1,0,0,0,0,0,48.51,No,0
689,0,72212876,187.216,I-75,0,0,1,0,1,0,0,0,54.25,No,0
690,1,72212980,183.266,I-75,0,0,1,0,0,0,0,0,37.16,No,1
691,2,72212981,183.247,I-75,0,0,1,0,0,0,0,0,40.0,No,1
692,3,72212992,177.418,I-75,0,0,1,0,1,0,0,0,70.21,No,0
693,4,72213069,186.641,I-75 NC,0,0,0,0,1,0,0,0,28.46,No,1
694,5,72214545,179.637,I-75 NC,0,0,1,0,1,0,0,1,63.72,No,0
695,6,72214686,183.001,I-75,0,0,1,0,1,0,0,1,42.05,No,1
696,7,72214915,188.594,I-75 NC,0,1,1,0,1,0,0,0,55.3,No,0
697,8,72214975,182.254,I-75,0,0,1,0,1,0,0,0,23.81,No,1
698,9,72215004,187.667,I-75,1,0,1,0,1,0,0,0,51.27,No,0
699,10,72215005,187.053,I-75,0,1,1,0,1,0,0,0,35.83,No,1
700,11,72215123,182.216,I-75,0,0,1,0,1,0,0,0,19.09,No,1
701,12,72215313,188.261,I-75 NC,0,0,1,0,1,0,0,0,8.88,No,1
702,13,72215321,181.895,I-75 NC,0,0,1,0,1,1,0,0,65.24,No,0
703,14,72215364,191.527,I-75,0,0,1,0,1,0,0,0,,,0
704,15,72215437,183.009,I-75,0,0,1,0,1,0,0,0,20.87,No,1
705,16,72215600,190.594,I-75,0,0,1,0,1,0,0,0,13.02,No,1
706,17,72215634,190.139,I-75,0,1,1,0,1,0,0,1,27.92,No,1
707,18,72215774,179.702,I-75,0,0,1,0,1,0,0,0,48.17,No,0
708,19,72215806,190.136,I-75 NC,0,1,0,0,1,0,0,0,40.58,No,1
709,20,72215939,183.461,I-75,0,0,1,0,1,0,0,0,40.6,No,1
710,21,72216008,186.605,I-75 NC,0,0,1,0,1,0,0,0,39.95,No,1
711,22,72216019,187.546,I-75 NC,0,0,0,0,1,0,0,1,31.16,No,1
712,23,72216241,183.206,I-75,0,0,1,0,1,0,0,0,19.76,No,1
713,24,72216290,168.71900000000005,I-75,0,0,0,0,1,0,1,0,49.44,No,0
714,25,72216483,183.174,I-75,0,0,1,0,1,0,0,0,54.98,No,0
715,26,72216509,185.424,I-75 NC,0,0,1,0,1,0,0,0,61.1,No,0
716,27,72216629,189.957,I-75,0,1,1,0,1,0,0,1,33.89,No,1
717,28,72216706,175.515,I-75 NC,0,0,1,0,1,0,1,0,59.02,No,0
718,29,72216786,190.9,I-75,0,0,1,0,1,0,0,0,20.59,No,1
719,30,72216836,182.079,I-75,0,0,1,0,1,0,0,0,63.16,No,0
720,31,72216889,186.527,I-75 NC,0,1,1,0,1,0,0,1,8.47,No,1
721,32,72217143,177.294,I-75 NC,0,0,0,0,1,0,1,1,66.15,No,0
722,33,72217760,184.029,I-75 NC,0,0,1,0,1,0,0,0,58.6,No,0
723,34,72217834,189.918,I-75 NC,1,1,1,0,1,0,0,0,39.88,No,1
724,35,72218089,188.292,I-75,0,0,1,0,1,0,0,1,19.52,No,1
725,36,72218119,188.876,I-75,0,1,1,0,1,0,0,0,18.56,No,1
726,37,72218138,179.59799999999996,I-75 NC,0,0,1,0,1,0,0,1,62.38,No,0
727,38,72218333,186.308,I-75 NC,0,0,1,0,1,0,0,1,31.15,No,1
728,39,72218350,177.62099999999995,I-75,0,0,0,0,1,0,1,0,68.14,No,0
729,40,72218669,186.633,I-75 NC,0,0,1,0,1,0,0,0,55.73,No,0
730,41,72218695,178.467,I-75,0,0,0,0,1,0,0,0,68.16,No,0
731,42,72218805,181.61,I-75,0,0,1,0,1,0,0,1,60.86,No,0
732,43,72218959,173.356,I-75,0,0,1,0,1,0,0,0,66.21,No,0
733,44,72219026,184.193,I-75 NC,0,0,1,0,1,0,0,1,50.49,No,0
734,45,72219122,183.165,I-75 NC,0,0,1,0,1,0,0,0,65.24,No,0
735,46,72219175,191.127,I-75,0,0,1,0,1,0,0,1,37.45,No,1
736,47,72219372,184.068,I-75,1,1,1,0,1,0,0,0,55.3,No,0
737,48,72219429,190.085,I-75 NC,0,0,1,0,1,0,0,1,32.33,No,1
738,49,72219546,186.294,I-75 NC,0,0,1,0,1,0,0,0,56.92,No,0
739,50,72219698,188.912,I-75,0,0,1,0,1,0,0,1,21.65,No,1
740,51,72219760,185.577,I-75 NC,0,0,1,0,1,0,0,0,65.24,No,0
741,52,72219783,186.187,I-75,0,0,1,0,1,0,0,1,43.29,No,1
742,53,72220046,191.487,I-75 NC,0,0,1,0,1,0,0,0,,,0
743,54,72220233,189.736,I-75 NC,1,1,1,0,1,0,0,0,35.29,No,1
744,55,72220404,191.19,I-75,0,1,1,0,1,0,0,0,21.68,No,1
745,56,72220550,187.277,I-75,0,0,1,1,0,0,0,0,10.98,No,1
746,57,72220604,181.011,I-75 NC,1,1,1,1,0,0,1,0,51.58,No,0
747,58,72220613,180.08700000000005,I-75,0,0,0,1,0,0,0,0,18.91,No,1
748,59,72220714,183.338,I-75,0,0,1,1,0,0,0,0,23.35,No,1
749,60,72220786,166.912,I-75,0,0,0,1,0,0,0,0,55.14,No,0
750,61,72220854,183.05,I-75,0,0,1,1,0,0,0,0,32.55,No,1
751,62,72220938,182.591,I-75,0,0,1,1,0,0,0,0,13.84,No,1
752,63,72220964,171.875,I-75 NC,0,0,0,1,0,0,1,1,70.21,No,0
753,64,72220989,180.23,I-75,0,0,0,1,0,0,1,0,41.54,No,1
754,65,72221061,188.953,I-75 NC,0,1,1,0,1,0,0,0,55.3,No,0
755,66,72221064,190.893,I-75,1,1,1,0,1,0,0,0,31.89,No,1
756,67,72221128,190.085,I-75,0,1,0,1,0,0,0,0,5.51,No,1
757,68,72221129,190.9,I-75,0,1,0,0,0,0,0,0,44.82,No,1
758,69,72221266,190.971,I-75,0,1,0,0,0,0,0,0,55.3,No,0
759,70,72221373,187.241,I-75,0,0,1,0,1,0,0,0,42.43,No,1
760,71,72221433,190.566,I-75,1,0,1,0,0,0,0,0,55.3,No,0
761,72,72221560,180.417,I-75 NC,0,1,1,0,1,0,0,0,65.24,No,0
762,73,72221711,179.24,I-75,0,0,1,0,0,0,0,1,27.53,No,1
763,74,72221972,186.9,I-75 NC,1,0,1,0,1,0,0,0,55.21,No,0
764,75,72222123,189.914,I-75,0,1,1,0,1,0,0,1,7.52,No,1
765,76,72222162,190.025,I-75 NC,1,1,1,0,1,0,0,0,35.56,No,1
766,77,72222261,184.04,I-75,0,0,1,0,1,0,0,0,55.15,No,0
767,78,72222332,186.842,I-75,0,0,1,0,1,0,0,1,12.93,No,1
768,79,72222392,185.497,I-75,0,0,1,0,1,0,0,0,55.3,No,0
769,80,72222464,181.95,I-75,0,0,1,0,1,0,0,0,40.89,No,1
770,81,72222481,182.022,I-75,0,0,1,0,1,0,0,1,62.81,No,0
771,82,72222614,186.247,I-75 NC,0,0,0,0,1,0,0,0,7.97,No,1
772,83,72222876,189.636,I-75 NC,1,1,1,0,1,0,0,0,43.75,No,1
773,84,72223086,183.075,I-75,0,0,1,0,1,0,0,0,39.76,No,1
774,85,72223105,175.50799999999995,I-75,0,0,1,0,1,0,0,0,66.35,No,0
775,86,72223157,189.467,I-75 NC,1,0,0,0,1,0,0,0,2.7,No,1
776,87,72223274,174.857,I-75,0,0,1,0,1,0,0,0,65.89,No,0
777,88,72223320,177.645,I-75,0,0,1,0,1,0,0,0,66.68,No,0
778,89,72223370,185.997,I-75,0,0,1,0,1,0,0,0,53.96,No,0
779,90,72223427,186.254,I-75 NC,0,0,1,0,1,0,0,0,52.53,No,0
780,91,72223483,190.39,I-75 NC,0,1,1,0,1,0,0,1,23.16,No,1
781,92,72223486,179.63099999999997,I-75 NC,0,0,1,0,1,0,0,0,68.97,No,0
782,93,72223739,189.947,I-75,0,1,1,0,1,0,0,1,14.27,No,1
783,94,72224011,170.581,I-75 NC,1,1,1,0,1,0,0,1,25.32,No,1
784,95,72224153,191.409,I-75,0,0,1,0,1,0,0,0,,,0
785,96,72224212,189.176,I-75,0,0,1,0,1,0,0,0,8.23,No,1
786,97,72224213,188.925,I-75,0,0,1,0,1,0,0,0,5.13,No,1
787,98,72224248,186.927,I-75 NC,0,1,0,0,1,0,0,0,8.66,No,1
788,99,72224263,186.491,I-75 NC,0,0,1,0,1,0,0,0,24.89,No,1
789,100,72224306,189.261,I-75 NC,0,1,0,0,1,0,0,0,46.94,No,0
790,101,72224400,187.342,I-75,0,0,1,0,1,0,0,1,3.85,No,1
791,102,72224418,191.08900000000003,I-75 NC,0,1,0,0,1,0,0,0,52.25,No,0
792,103,72224448,188.975,I-75,1,1,1,0,1,0,0,1,7.5,No,1
793,104,72224487,190.557,I-75,0,0,1,0,1,0,0,0,5.54,No,1
794,105,72224544,180.469,I-75,0,0,1,0,1,0,0,1,65.24,No,0
795,106,72224565,189.925,I-75 NC,0,1,1,0,1,0,0,1,14.4,No,1
796,107,72224672,188.914,I-75 NC,0,0,1,0,1,0,0,1,49.7,No,0
797,108,72224699,189.892,I-75,1,1,0,0,1,0,1,0,55.3,No,0
798,109,72224745,189.772,I-75,0,1,1,0,1,0,0,1,27.14,No,1
799,110,72224751,186.08900000000003,I-75,0,0,1,0,1,0,0,0,35.58,No,1
800,111,72224754,188.847,I-75,0,0,1,0,1,0,0,0,4.66,No,1
801,112,72224877,168.32,I-75,0,1,1,0,1,0,0,1,70.21,No,0
802,113,72225239,187.041,I-75,0,0,0,1,0,0,0,0,42.55,No,1
803,114,72225304,189.021,I-75,1,1,1,1,0,0,0,0,15.07,No,1
804,115,72225366,186.9,I-75,1,0,1,1,0,0,0,1,3.34,No,1
805,116,72225404,177.298,I-75,0,0,1,1,0,0,0,0,52.01,No,0
806,117,72225407,186.738,I-75,0,0,1,0,1,0,0,0,5.58,No,1
807,118,72225446,179.243,I-75 NC,0,0,0,1,0,0,0,0,56.28,No,0
808,119,72225464,189.724,I-75,1,1,0,1,0,0,0,0,55.3,No,0
809,120,72225545,185.223,I-75 NC,0,0,1,0,1,0,0,1,62.99,No,0
810,121,72225634,178.93099999999995,I-75 NC,0,0,0,0,1,0,0,1,60.77,No,0
811,122,72226106,184.146,I-75,1,0,1,0,1,0,0,0,55.3,No,0
812,123,72226124,178.58599999999996,I-75,0,0,1,0,1,0,0,0,66.66,No,0
813,124,72226216,189.733,I-75,1,1,0,0,1,0,0,0,55.3,No,0
814,125,72226253,183.054,I-75,0,0,1,1,1,0,0,1,46.2,No,0
815,126,72226349,187.895,I-75,0,0,1,0,1,0,0,0,2.84,No,1
816,127,72226350,186.502,I-75,0,0,1,0,1,0,0,0,4.24,No,1
817,128,72226380,191.544,I-75,0,0,1,0,1,0,0,0,,,0
818,129,72226532,189.353,I-75 NC,0,1,1,0,1,0,0,1,43.44,No,1
819,130,72226617,175.575,I-75 NC,0,0,1,0,1,0,0,0,52.33,No,0
820,131,72226730,185.941,I-75,0,0,0,1,1,0,0,0,14.1,No,1
821,132,72226840,186.79,I-75,0,0,1,0,1,0,0,0,18.42,No,1
822,133,72226841,187.811,I-75,0,0,1,0,1,0,0,0,2.76,No,1
823,134,72226887,191.357,I-75 NC,0,0,1,0,1,0,0,0,,,0
824,135,72227136,183.683,I-75 NC,0,0,0,0,1,0,0,0,49.9,No,0
825,136,72227216,189.899,I-75 NC,0,1,1,0,1,0,0,0,6.43,No,1
826,137,72227220,177.24200000000005,I-75 NC,0,0,1,0,1,0,0,1,59.86,No,0
827,138,72227320,188.319,I-75 NC,0,0,1,0,1,0,0,0,7.74,No,1
828,139,72227348,187.467,I-75 NC,0,0,1,0,0,0,0,0,28.24,No,1
829,140,72227500,191.454,I-75,0,0,1,0,1,0,0,0,,,0
830,141,72227550,181.152,I-75,1,0,1,0,1,0,0,1,65.1,No,0
831,142,72227602,183.331,I-75,0,0,1,0,1,0,0,1,62.68,No,0
832,143,72227683,189.11900000000003,I-75,0,0,1,0,1,0,0,0,45.32,No,0
833,144,72227723,182.837,I-75,0,0,1,0,1,0,0,0,39.77,No,1
834,145,72227724,181.995,I-75,0,0,1,0,1,0,0,0,19.29,No,1
835,146,72227995,187.271,I-75,0,0,1,0,1,0,0,1,16.8,No,1
836,147,72228057,169.389,I-75 NC,0,0,0,0,1,0,1,0,70.21,No,0
837,148,72228074,190.474,I-75 NC,0,0,1,1,0,0,0,0,39.42,No,1
838,149,72228075,191.09,I-75 NC,0,1,1,1,0,0,0,0,22.97,No,1
839,150,72228076,190.954,I-75 NC,0,1,1,1,0,1,0,0,33.14,No,1
840,151,72228235,182.922,I-75 NC,0,0,1,0,1,0,0,1,62.8,No,0
841,152,72228370,189.091,I-75,0,1,1,0,0,0,0,1,13.31,No,1
842,153,72228733,169.447,I-75,0,0,1,1,0,0,0,0,52.82,No,0
843,154,72228770,178.52599999999995,I-75 NC,0,0,0,1,0,0,0,0,64.46,No,0
844,155,72228829,191.573,I-75,0,0,1,0,1,0,0,0,,,0
845,156,72228972,176.36,I-75 NC,0,0,1,0,1,0,0,1,70.21,No,0
846,157,72229012,190.062,I-75,0,1,1,0,1,0,0,1,32.09,No,1
847,158,72229171,187.277,I-75 NC,1,0,0,1,0,0,0,1,45.08,No,0
848,159,72229216,190.055,I-75 NC,1,1,0,1,0,0,0,0,55.3,No,0
849,160,72229217,190.267,I-75,0,0,0,1,0,0,0,0,29.81,No,1
850,161,72229278,182.087,I-75,0,0,1,0,1,0,0,0,45.72,No,0
851,162,72229329,189.966,I-75,0,1,1,0,1,0,0,0,28.24,No,1
852,163,72229408,188.867,I-75,0,1,1,0,1,0,0,1,39.02,No,1
853,164,72229435,175.356,I-75,0,0,0,1,1,0,1,0,69.53,No,0
854,165,72229544,187.149,I-75,0,0,1,0,1,0,0,0,19.13,No,1
855,166,72229619,183.312,I-75,0,0,1,0,1,0,0,0,8.66,No,1
856,167,72229670,188.663,I-75,0,0,0,0,0,0,0,0,13.82,No,1
857,168,72229715,185.899,I-75,0,0,1,0,1,0,0,0,31.8,No,1
858,169,72230056,189.898,I-75,0,1,0,0,1,0,0,0,55.3,No,0
859,170,72230076,183.245,I-75,0,0,1,0,1,0,0,0,33.66,No,1
860,171,72230242,190.127,I-75 NC,0,0,1,0,0,0,0,0,48.28,No,0
861,172,72230310,186.94,I-75 NC,0,0,1,0,1,0,0,1,54.03,No,0
862,173,72230374,191.252,I-75,0,0,1,1,0,0,0,0,16.5,No,1
863,174,72230393,174.562,I-75,0,0,1,1,0,0,0,1,59.25,No,0
864,175,72231452,187.228,I-75 NC,1,0,0,0,1,0,0,1,17.74,No,1
865,176,72231454,190.97,I-75,0,0,1,0,1,0,0,0,23.19,No,1
866,177,72231755,186.367,I-75 NC,0,0,1,0,1,0,0,0,33.76,No,1
867,178,72231882,191.353,I-75 NC,0,0,1,0,1,0,0,0,,,0
868,179,72231971,182.693,I-75,0,0,0,0,1,0,0,0,54.61,No,0
869,180,72232051,181.723,I-75,0,0,1,0,1,0,0,0,51.81,No,0
870,181,72232179,177.291,I-75,0,0,1,0,1,0,0,1,64.35,No,0
871,182,72232397,180.658,I-75,0,0,1,1,0,0,0,0,13.83,No,1
872,183,72232412,173.0,I-75 NC,0,0,1,0,0,0,0,0,67.63,No,0
873,184,72232427,176.058,I-75 NC,0,0,0,0,1,0,0,1,65.8,No,0
874,185,72232523,166.31,I-75,1,1,1,1,0,0,0,0,66.5,No,0
875,186,72232568,188.279,I-75 NC,0,0,1,1,0,0,0,0,50.59,No,0
876,187,72232924,183.28,I-75,0,0,0,0,1,0,0,0,9.33,No,1
877,188,72232952,190.012,I-75,1,1,0,1,0,0,1,0,49.21,No,0
878,189,72232954,189.303,I-75,1,1,0,1,0,0,0,0,16.01,No,1
879,190,72233015,187.396,I-75 NC,1,1,0,1,0,1,0,0,50.08,No,0
880,191,72233016,187.396,I-75 NC,1,1,0,1,0,0,1,0,50.08,No,0
881,192,72233059,191.115,I-75,0,0,1,1,0,0,0,0,12.6,No,1
882,193,72233061,191.149,I-75,0,0,1,0,0,0,0,1,15.51,No,1
883,194,72233137,190.93400000000003,I-75,0,0,1,0,0,0,0,1,22.26,No,1
884,195,72233269,183.344,I-75,0,0,1,0,1,0,0,1,22.34,No,1
885,196,72233460,183.27,I-75,0,0,0,0,1,0,0,0,24.95,No,1
886,197,72233803,187.928,I-75 NC,0,0,0,0,1,0,0,0,55.3,No,0
887,198,72233807,191.504,I-75 NC,0,0,1,0,1,0,0,0,,,0
888,199,72233864,188.202,I-75,0,0,0,0,1,0,0,0,55.3,No,0
889,200,72233987,190.582,I-75,0,1,1,0,1,0,0,1,28.09,No,1
890,201,72234113,190.137,I-75,0,1,0,0,1,0,0,0,10.48,No,1
891,202,72234218,187.672,I-75,0,0,1,0,1,0,0,0,24.51,No,1
892,203,72234688,190.49400000000003,I-75,0,0,0,0,1,0,0,0,55.3,No,0
893,204,72234910,190.009,I-75 NC,0,0,1,0,0,0,0,0,33.11,No,1
894,205,72234951,189.797,I-75 NC,0,1,1,1,0,0,0,1,42.88,No,1
895,206,72235508,187.063,I-75 NC,1,0,1,0,1,0,0,1,52.93,No,0
896,207,72235715,183.198,I-75 NC,0,0,0,0,1,0,0,0,65.24,No,0
897,208,72236132,191.361,I-75,0,1,1,0,1,0,0,0,,,0
898,209,72236194,185.587,I-75,0,0,0,0,1,0,0,0,38.93,No,1
899,210,72236273,180.332,I-75,0,0,1,0,1,0,0,0,58.83,No,0
900,211,72236287,191.108,I-75 NC,0,0,1,0,1,0,0,0,55.3,No,0
901,212,72236496,185.537,I-75,0,0,1,0,1,0,0,0,19.43,No,1
902,213,72236545,185.996,I-75 NC,0,0,0,0,1,0,0,0,59.87,No,0
903,214,72236565,183.716,I-75,0,0,1,0,1,0,0,0,55.77,No,0
904,215,72236576,185.401,I-75 NC,0,0,1,0,1,0,0,0,57.44,No,0
905,216,72236695,181.604,I-75,0,0,1,0,1,0,0,0,5.64,No,1
906,217,72236726,182.072,I-75,0,0,1,0,0,0,0,0,5.6,No,1
907,218,72236732,187.33,I-75,0,0,1,0,1,1,0,0,51.2,No,0
908,219,72237050,187.877,I-75 NC,0,0,1,0,1,0,0,0,55.3,No,0
909,220,72237057,191.506,I-75 NC,0,0,1,0,1,0,0,0,,,0
910,221,72237149,182.101,I-75,0,0,1,0,1,0,0,1,5.55,No,1
911,222,72237582,174.065,I-75 NC,0,1,1,0,1,0,0,0,66.43,No,0
912,223,72238349,174.521,I-75 NC,0,1,1,1,0,0,0,0,70.11,No,0
913,224,72239122,187.188,I-75,0,0,1,0,1,0,0,0,38.32,No,1
914,225,72239205,187.688,I-75,0,0,0,0,1,0,0,0,55.3,No,0
915,226,72239208,190.158,I-75,0,1,1,0,1,0,0,0,31.8,No,1
916,227,72239215,186.648,I-75 NC,1,1,0,0,1,0,0,1,53.96,No,0
917,228,72239219,182.901,I-75,0,0,1,0,1,0,0,0,21.55,No,1
918,229,72239221,178.43200000000004,I-75,0,0,1,0,1,0,0,0,13.33,No,1
919,230,72239693,185.578,I-75 NC,0,0,0,1,0,0,0,0,53.31,No,0
920,231,72239715,181.08900000000003,I-75 NC,1,0,0,1,0,0,1,1,60.05,No,0
921,232,72240184,166.268,I-75,1,0,1,1,0,0,0,0,49.43,No,0
922,233,72240185,187.80900000000003,I-75 NC,0,0,1,0,1,0,0,0,55.3,No,0
923,234,72240379,189.831,I-75 NC,1,1,0,0,1,0,0,1,18.8,No,1
924,235,72240561,190.111,I-75,0,1,1,0,1,0,0,0,28.18,No,1
925,236,72240643,191.35,I-75,0,0,1,0,1,0,0,0,,,0
926,237,72240652,190.331,I-75,1,0,1,0,1,0,0,0,54.07,No,0
927,238,72240687,187.696,I-75,1,1,1,0,1,0,0,1,55.15,No,0
928,239,72240702,183.515,I-75,0,0,1,0,1,0,0,1,49.36,No,0
929,240,72240704,187.212,I-75,0,0,1,0,1,0,0,1,27.15,No,1
930,241,72240824,189.983,I-75,0,1,1,0,1,0,0,0,16.47,No,1
931,242,72241047,187.292,I-75 NC,0,0,1,0,1,0,0,1,56.67,No,0
932,243,72241247,183.191,I-75 NC,0,0,1,0,1,0,0,0,55.86,No,0
933,244,72242298,188.988,I-75,0,0,1,1,0,0,0,1,25.29,No,1
934,245,72242369,177.637,I-75 NC,0,0,0,0,1,0,0,1,67.66,No,0
935,246,72242827,189.702,I-75,1,1,0,1,0,0,1,0,55.3,No,0
936,247,72242884,174.41400000000004,I-75 NC,0,0,0,0,0,0,1,0,63.01,No,0
937,248,72242891,188.914,I-75,0,1,1,1,0,0,0,1,19.57,No,1
938,249,72242915,191.143,I-75 NC,1,1,1,1,0,0,0,0,49.67,No,0
939,250,72242991,189.722,I-75,0,1,0,0,0,0,0,0,9.04,No,1
940,251,72243151,190.584,I-75,0,0,0,1,0,0,0,0,43.39,No,1
941,252,72243297,175.015,I-75,0,0,1,0,1,0,1,0,66.98,No,0
942,253,72243311,187.503,I-75 NC,0,0,1,1,0,0,0,0,55.3,No,0
943,254,72243545,189.658,I-75,1,1,1,1,0,0,0,1,52.88,No,0
944,255,72244036,190.909,I-75,0,0,1,0,1,0,0,1,21.39,No,1
945,256,72244478,166.297,I-75,0,0,1,0,1,0,0,0,69.69,No,0
946,257,72244790,191.578,I-75,0,0,1,0,1,0,0,0,,,0
947,258,72244811,186.031,I-75,0,0,1,0,1,0,0,1,16.33,No,1
948,259,72245058,179.572,I-75 NC,0,0,1,0,1,0,0,0,60.28,No,0
949,260,72245553,190.01,I-75,0,1,0,0,1,0,0,1,22.88,No,1
950,261,72245848,186.467,I-75,0,0,1,0,1,0,0,0,40.75,No,1
951,262,72246214,181.243,I-75,1,0,1,0,1,0,0,0,16.11,No,1
952,263,72246215,182.663,I-75,0,0,1,0,1,0,0,1,20.28,No,1
953,264,72246316,178.93900000000005,I-75,0,0,0,0,1,1,0,0,68.1,No,0
954,265,72246328,182.109,I-75,0,0,0,0,1,0,0,1,35.01,No,1
955,266,72246368,188.808,I-75 NC,0,1,0,0,1,0,0,0,7.32,No,1
956,267,72246410,190.981,I-75 NC,0,0,1,0,1,0,0,1,55.3,No,0
957,268,72246599,181.599,I-75,0,0,1,0,1,0,0,0,63.51,No,0
958,269,72246708,179.822,I-75,0,0,1,0,1,0,0,0,10.19,No,1
959,270,72246709,177.808,I-75,0,0,1,0,1,0,0,0,23.16,No,1
960,271,72246710,181.655,I-75,0,0,1,0,1,0,0,1,4.29,No,1
961,272,72246717,181.325,I-75,0,0,1,0,1,0,0,1,5.84,No,1
962,273,72247003,190.909,I-75 NC,0,0,1,1,0,0,0,1,55.3,No,0
963,274,72247272,182.811,I-75 NC,0,0,0,0,1,0,1,0,63.13,No,0
964,275,72247274,179.551,I-75,0,0,1,0,1,0,0,0,17.84,No,1
965,276,72247389,189.86,I-75,1,1,1,1,0,0,0,0,33.48,No,1
966,277,72247390,186.728,I-75 NC,1,1,0,0,1,0,0,0,48.88,No,0
967,278,72247814,183.394,I-75,0,0,0,0,1,0,0,0,39.62,No,1
968,279,72247843,189.257,I-75 NC,0,0,1,0,1,0,1,1,37.7,No,1
969,280,72248149,189.169,I-75,0,1,1,0,1,0,0,1,50.78,No,0
970,281,72248327,168.65400000000002,I-75,1,0,1,0,1,0,0,0,64.53,No,0
971,282,72248534,186.727,I-75 NC,1,1,1,0,1,0,0,0,32.57,No,1
972,283,72248555,185.538,I-75 NC,0,0,1,0,1,0,0,0,62.02,No,0
973,284,72248623,183.462,I-75,0,1,1,0,1,0,0,0,62.75,No,0
974,285,72248669,189.986,I-75 NC,0,1,1,0,1,0,0,0,40.63,No,1
975,286,72248877,187.337,I-75,0,0,1,0,1,0,0,0,15.02,No,1
976,287,72248939,187.378,I-75 NC,0,0,1,0,1,0,0,1,31.46,No,1
977,288,72248940,187.306,I-75 NC,0,0,1,0,1,0,0,1,27.11,No,1
978,289,72249233,186.833,I-75 NC,0,0,0,0,1,0,0,0,11.99,No,1
979,290,72249309,182.076,I-75,0,0,1,0,1,0,0,1,7.32,No,1
980,291,72249498,189.651,I-75 NC,1,1,1,1,0,0,0,0,29.21,No,1
981,292,72249536,188.754,I-75,0,0,1,1,0,0,0,0,50.96,No,0
982,293,72249591,186.273,I-75 NC,0,0,0,0,0,0,0,0,30.89,No,1
983,294,72249632,181.206,I-75,1,0,1,1,0,0,0,0,16.75,No,1
984,295,72249711,183.77,I-75,0,0,0,0,1,0,0,0,58.15,No,0
985,296,72249963,179.673,I-75,0,0,1,0,0,0,0,0,9.86,No,1
986,297,72250115,180.615,I-75,0,0,1,0,1,0,0,1,5.8,No,1
987,298,72250120,183.178,I-75,0,0,1,0,1,0,0,1,20.81,No,1
988,299,72250157,188.423,I-75 NC,0,0,1,0,0,0,0,0,39.27,No,1
989,300,72250172,185.003,I-75,0,0,0,0,1,0,0,0,40.79,No,1
990,301,72250198,190.661,I-75 NC,1,1,0,1,0,0,1,0,46.62,No,0
991,302,72250206,190.551,I-75,1,1,0,1,0,0,1,0,47.28,No,0
992,303,72250352,190.071,I-75 NC,1,0,1,1,0,0,1,0,54.27,No,0
993,304,72250516,188.194,I-75 NC,0,0,0,1,0,0,0,0,20.59,No,1
994,305,72250524,190.456,I-75,0,1,1,1,0,0,0,0,26.0,No,1
995,306,72250530,187.46,I-75 NC,1,1,1,1,0,0,1,0,52.18,No,0
996,307,72250690,175.926,I-75 NC,0,0,1,1,0,0,0,0,60.76,No,0
997,308,72250768,177.618,I-75,0,0,1,0,0,0,0,1,30.24,No,1
998,309,72250769,177.695,I-75,0,0,1,0,0,0,0,0,19.41,No,1
999,310,72250819,184.664,I-75,0,0,0,0,1,0,0,0,55.3,No,0
1000,311,72250836,191.365,I-75 NC,0,1,0,0,1,0,0,0,,,0
1001,312,72250837,186.996,I-75,0,0,0,0,1,0,0,0,15.27,No,1
1002,313,72250852,189.948,I-75 NC,1,1,1,1,0,0,0,0,54.27,No,0
1003,314,72250853,189.229,I-75,0,1,1,1,0,0,0,0,19.73,No,1
1004,315,72250855,189.861,I-75 NC,1,0,0,0,0,0,0,0,50.81,No,0
1005,316,72250866,189.921,I-75,1,1,0,1,0,0,0,0,55.3,No,0
1006,317,72250937,190.44,I-75 NC,0,1,1,1,0,0,0,1,47.61,No,0
1007,318,72251138,173.22400000000005,I-75 NC,0,0,1,0,1,0,0,0,66.54,No,0
1008,319,72251258,174.033,I-75 NC,0,0,1,0,1,0,0,1,67.38,No,0
1009,320,72251426,191.505,I-75 NC,0,0,0,0,1,0,0,0,,,0
1010,321,72251427,191.417,I-75 NC,0,0,0,0,1,0,0,0,,,0
1011,322,72251443,190.012,I-75 NC,1,1,0,1,0,0,1,1,45.58,No,0
1012,323,72251570,175.15,I-75 NC,0,1,1,1,0,0,1,0,58.19,No,0
1013,324,72251684,189.129,I-75 NC,0,1,1,1,0,0,0,1,47.18,No,0
1014,325,72252533,184.047,I-75 NC,0,0,0,0,1,0,0,0,60.34,No,0
1015,326,72252792,190.032,I-75 NC,0,1,1,0,1,0,0,0,29.97,No,1
1016,327,72252829,190.063,I-75 NC,0,0,1,0,1,0,0,0,18.78,No,1
1017,328,72252916,182.067,I-75,0,0,1,0,1,0,0,0,20.1,No,1
1018,329,72252976,185.626,I-75 NC,0,0,0,0,1,0,0,0,18.14,No,1
1019,330,72252985,168.267,I-75,0,0,0,0,1,0,0,0,67.91,No,0
1020,331,72253199,187.202,I-75 NC,0,1,1,0,1,0,0,0,53.75,No,0
1021,332,72253595,187.337,I-75 NC,0,0,1,0,1,0,0,0,52.33,No,0
1022,333,72253600,177.357,I-75,0,0,1,0,1,0,0,1,15.27,No,1
1023,334,72253601,178.597,I-75,0,0,1,0,1,0,0,0,9.52,No,1
1024,335,72253659,183.571,I-75 NC,0,0,1,0,1,0,0,0,34.05,No,1
1025,336,72253663,183.403,I-75 NC,0,0,1,0,1,0,0,0,6.42,No,1
1026,337,72253744,179.583,I-75,0,0,1,0,1,0,1,0,67.37,No,0
1027,338,72253746,183.225,I-75,0,0,0,0,1,0,0,0,27.41,No,1
1028,339,72253761,187.135,I-75 NC,0,0,0,0,1,0,0,1,31.0,No,1
1029,340,72253783,188.295,I-75 NC,0,0,0,0,1,0,1,0,54.98,No,0
1030,341,72253837,181.91,I-75 NC,0,0,0,0,1,0,0,1,65.24,No,0
1031,342,72253841,191.128,I-75,0,0,1,0,1,0,0,0,18.18,No,1
1032,343,72254090,190.66,I-75 NC,0,0,1,0,1,0,0,0,25.35,No,1
1033,344,72254183,183.33900000000003,I-75,0,1,0,1,0,0,0,0,55.65,No,0
1034,345,72254243,182.841,I-75 NC,0,0,1,0,1,0,0,0,65.24,No,0
1035,346,72254496,173.7,I-75,0,0,1,0,1,0,0,1,70.21,No,0
1036,347,72254760,183.943,I-75,0,0,0,0,1,0,0,0,55.3,No,0
1037,348,72255017,184.547,I-75,0,1,1,0,1,0,0,1,55.3,No,0
1038,349,72255304,184.968,I-75 NC,1,0,1,0,1,0,1,1,64.08,No,0
1039,350,72255429,188.896,I-75,0,0,1,0,1,0,0,1,51.22,No,0
1040,351,72255573,191.436,I-75,0,0,1,0,0,0,0,0,,,0
1041,352,72255629,188.349,I-75,0,0,1,0,1,0,0,1,23.39,No,1
1042,353,72255743,191.562,I-75 NC,0,0,0,0,1,0,0,0,,,0
1043,354,72255977,181.444,I-75 NC,1,0,1,0,1,0,0,0,61.18,No,0
1044,355,72256140,188.303,I-75 NC,0,0,1,0,1,0,0,1,55.3,No,0
1045,356,72256148,187.424,I-75 NC,0,0,0,0,1,0,0,0,17.44,No,1
1046,357,72256324,177.658,I-75 NC,0,0,1,0,1,0,0,0,65.72,No,0
1047,358,72256325,187.412,I-75 NC,1,0,1,0,1,0,0,0,26.21,No,1
1048,359,72256439,183.21,I-75,0,0,1,0,1,0,0,1,52.29,No,0
1049,360,72256455,182.018,I-75,0,0,1,0,1,0,0,0,6.98,No,1
1050,361,72256457,178.58700000000005,I-75 NC,0,0,1,0,1,0,0,1,35.39,No,1
1051,362,72256681,178.335,I-75,0,1,1,0,1,0,0,0,64.29,No,0
1052,363,72256708,177.605,I-75,0,0,1,0,1,0,0,0,39.87,No,1
1053,364,72256724,191.026,I-75,0,0,1,0,1,0,0,0,49.0,No,0
1054,365,72256848,180.03099999999995,I-75,0,0,0,0,1,0,0,0,23.6,No,1
1055,366,72256978,187.371,I-75,0,0,0,0,1,0,0,1,55.3,No,0
1056,367,72257284,183.219,I-75,0,0,1,0,1,0,0,0,23.87,No,1
1057,368,72257322,173.93,I-75 NC,0,1,1,0,1,0,0,0,63.98,No,0
1058,369,72257510,185.58900000000003,I-75 NC,0,0,0,0,1,0,0,0,59.71,No,0
1059,370,72258114,176.854,I-75,0,0,1,1,0,0,0,0,67.02,No,0
1060,371,72258235,190.382,I-75,0,1,0,1,0,0,0,0,50.13,No,0
1061,372,72258257,189.896,I-75 NC,0,1,0,1,0,0,0,0,46.59,No,0
1062,373,72258310,191.387,I-75,0,0,0,0,0,0,0,0,,,0
1063,374,72258329,180.075,I-75,0,0,0,0,0,0,0,1,66.33,No,0
1064,375,72258536,177.201,I-75 NC,0,1,1,0,1,0,0,1,68.28,No,0
1065,376,72258582,189.387,I-75,1,1,1,0,1,0,0,0,25.3,No,1
1066,377,72258722,187.277,I-75 NC,1,1,1,0,1,0,0,0,27.76,No,1
1067,378,72258761,182.895,I-75 NC,0,0,1,0,1,0,0,1,62.57,No,0
1068,379,72258764,186.32,I-75,0,0,0,0,1,0,0,0,55.3,No,0
1069,380,72258861,182.93,I-75 NC,0,0,1,0,1,0,0,1,62.95,No,0
1070,381,72258988,186.681,I-75 NC,0,1,1,0,1,0,0,1,32.6,No,1
1071,382,72259247,190.918,I-75 NC,0,0,1,0,1,1,0,0,21.32,No,1
1072,383,72259285,181.958,I-75,0,0,0,0,1,1,0,1,65.24,No,0
1073,384,72259454,189.049,I-75,0,1,1,0,1,0,0,0,23.04,No,1
1074,385,72259501,187.191,I-75 NC,0,0,1,0,1,0,0,0,14.55,No,1
1075,386,72259583,189.012,I-75,0,1,1,0,1,0,0,0,29.67,No,1
1076,387,72259687,187.695,I-75 NC,1,0,0,1,0,0,0,0,55.3,No,0
1077,388,72259748,187.522,I-75 NC,0,0,1,1,0,0,0,0,9.55,No,1
1078,389,72259768,187.191,I-75,0,1,1,0,1,0,0,1,20.21,No,1
1079,390,72259783,190.027,I-75,0,1,1,1,0,0,0,0,30.55,No,1
1080,391,72259821,189.975,I-75,0,1,1,1,0,0,0,0,39.88,No,1
1081,392,72259847,190.773,I-75,0,0,1,1,0,0,0,0,51.57,No,0
1082,393,72259891,187.293,I-75 NC,0,0,1,1,0,0,0,0,49.09,No,0
1083,394,72259892,186.232,I-75,0,0,1,1,0,0,0,0,28.94,No,1
1084,395,72259953,189.653,I-75,0,1,0,1,0,0,0,0,21.81,No,1
1085,396,72260053,190.76,I-75 NC,0,1,0,1,0,0,0,1,7.98,No,1
1086,397,72260071,183.368,I-75 NC,0,0,0,1,0,0,0,0,53.9,No,0
1087,398,72260138,186.033,I-75 NC,0,0,1,1,0,0,0,0,36.56,No,1
1088,399,72260145,190.038,I-75,1,1,0,1,0,0,0,1,35.74,No,1
1089,400,72260253,185.314,I-75 NC,0,0,0,1,0,0,0,1,62.9,No,0
1090,401,72260616,175.391,I-75 NC,0,0,1,0,1,0,0,0,69.24,No,0
1091,402,72260649,191.487,I-75 NC,0,0,0,0,1,0,0,0,,,0
1092,403,72260730,186.734,I-75 NC,0,0,0,1,0,0,0,0,52.33,No,0
1093,404,72260752,172.90599999999995,I-75,0,0,0,0,1,0,0,0,68.66,No,0
1094,405,72260782,187.899,I-75 NC,0,0,0,0,0,1,0,0,31.09,No,1
1095,406,72261220,173.37599999999995,I-75 NC,0,0,1,0,1,0,0,0,70.11,No,0
1096,407,72261274,190.488,I-75 NC,0,1,0,0,1,0,1,0,54.43,No,0
1097,408,72261432,185.37,I-75,0,0,0,0,1,0,0,0,14.19,No,1
1098,409,72261441,183.3,I-75 NC,0,0,1,0,1,0,0,0,59.9,No,0
1099,410,72261533,191.401,I-75,0,0,1,0,1,0,0,0,,,0
1100,411,72261650,191.47,I-75 NC,0,0,0,0,1,0,0,0,,,0
1101,412,72261781,187.044,I-75 NC,0,0,0,0,1,0,0,1,56.67,No,0
1102,413,72261919,183.213,I-75,0,0,0,0,1,0,0,1,36.66,No,1
1103,414,72262125,187.144,I-75 NC,1,0,1,0,1,0,0,0,21.56,No,1
1104,415,72262203,174.535,I-75,0,0,0,0,1,0,0,1,60.84,No,0
1105,416,72262266,166.85299999999995,I-75,0,0,0,0,1,0,0,0,65.87,No,0
1106,417,72262279,187.641,I-75 NC,0,0,0,0,1,0,0,1,55.3,No,0
1107,418,72262538,182.974,I-75 NC,0,0,1,0,1,0,0,0,65.24,No,0
1108,419,72262640,171.08599999999996,I-75 NC,0,0,1,0,1,0,0,0,66.25,No,0
1109,420,72262749,187.179,I-75,0,0,0,0,0,0,0,0,33.5,No,1
1110,421,72262771,188.137,I-75,0,1,0,0,0,0,0,0,5.01,No,1
1111,422,72262822,189.219,I-75,0,1,0,1,0,0,0,0,2.79,No,1
1112,423,72262830,186.347,I-75 NC,0,0,0,0,0,0,0,0,34.79,No,1
1113,424,72262912,184.298,I-75,0,0,1,0,1,0,0,0,55.3,No,0
1114,425,72263271,171.90400000000002,I-75,0,0,0,0,1,0,0,0,69.59,No,0
1115,426,72263972,190.13,I-75,0,1,1,0,1,0,0,0,18.17,No,1
1116,427,72263993,191.561,I-75,0,0,0,0,1,0,0,0,,,0
1117,428,72264044,190.066,I-75 NC,0,1,1,0,1,0,0,0,32.28,No,1
1118,429,72264115,182.629,I-75,0,0,1,0,1,0,0,1,57.83,No,0
1119,430,72264202,173.044,I-75,0,0,0,0,1,0,0,0,70.21,No,0
1120,431,72264204,190.315,I-75 NC,1,0,0,0,1,0,0,1,55.3,No,0
1121,432,72264447,185.224,I-75 NC,0,0,1,0,1,0,0,1,60.46,No,0
1122,433,72264453,181.707,I-75,0,0,0,0,1,0,0,1,56.65,No,0
1123,434,72264590,185.102,I-75 NC,0,0,1,0,1,0,1,0,26.85,No,1
1124,435,72264707,182.504,I-75 NC,0,0,0,0,1,0,0,1,62.34,No,0
1125,436,72264895,181.216,I-75 NC,1,0,1,0,1,0,0,0,65.24,No,0
1126,437,72265040,182.544,I-75,0,0,1,0,1,0,0,1,10.25,No,1
1127,438,72265259,182.991,I-75,0,0,1,0,1,0,0,0,32.75,No,1
1128,439,72265402,180.7,I-75 NC,0,0,1,0,1,0,1,0,22.96,No,1
1129,440,72265451,182.68400000000003,I-75,0,0,1,0,1,0,0,0,39.27,No,1
1130,441,72265500,190.778,I-75 NC,1,0,1,0,1,0,0,1,24.5,No,1
1131,442,72265657,182.848,I-75,0,0,1,0,1,0,0,0,43.03,No,1
1132,443,72265693,184.106,I-75,1,0,0,0,1,0,0,0,55.3,No,0
1133,444,72265776,180.368,I-75,0,0,1,0,1,0,0,0,61.96,No,0
1134,445,72265902,191.426,I-75 NC,0,0,1,1,0,0,0,0,,,0
1135,446,72265933,190.38,I-75 NC,0,1,1,1,0,0,0,0,33.34,No,1
1136,447,72266419,174.49400000000003,I-75 NC,0,0,0,1,0,0,0,0,63.3,No,0
1137,448,72266441,187.775,I-75 NC,1,0,1,1,0,1,0,0,52.65,No,0
1138,449,72266460,187.68,I-75 NC,1,0,0,1,0,0,0,0,55.3,No,0
1139,450,72266486,189.219,I-75,0,1,0,1,0,0,0,0,2.79,No,1
1140,451,72266502,187.763,I-75 NC,1,0,0,1,0,0,0,1,55.3,No,0
1141,452,72266673,183.285,I-75 NC,0,0,1,0,0,0,0,0,65.24,No,0
1142,453,72266826,187.787,I-75 NC,0,0,0,0,0,0,0,0,42.45,No,1
1143,454,72266898,172.407,I-75 NC,0,0,0,0,1,0,0,0,53.78,No,0
1144,455,72266899,173.077,I-75 NC,0,0,0,0,0,1,0,0,66.87,No,0
1145,456,72267299,169.387,I-75 NC,0,0,0,0,1,0,0,0,69.59,No,0
1146,457,72267741,191.082,I-75,0,1,0,0,1,0,0,0,18.71,No,1
1147,458,72268010,185.921,I-75,0,0,0,0,1,0,0,0,7.77,No,1
1148,459,72268011,186.227,I-75,0,0,1,0,1,0,0,1,23.06,No,1
1149,460,72268014,183.142,I-75,0,0,1,0,1,0,0,0,32.11,No,1
1150,461,72268160,168.12,I-75 NC,0,0,0,0,1,0,0,0,65.24,No,0
1151,462,72268364,185.131,I-75 NC,0,0,0,0,1,0,0,1,55.26,No,0
1152,463,72268457,190.727,I-75,0,0,1,0,1,0,0,0,40.91,No,1
1153,464,72268480,190.595,I-75,0,0,1,0,1,0,0,0,41.73,No,1
1154,465,72268575,180.622,I-75,0,0,1,0,1,0,0,0,22.31,No,1
1155,466,72268613,189.868,I-75,0,1,1,1,0,0,0,0,23.58,No,1
1156,467,72269073,190.472,I-75,0,0,0,1,0,0,0,1,46.94,No,0
1157,468,72269088,190.304,I-75,0,1,1,1,0,0,0,1,44.77,No,1
1158,469,72269231,177.366,I-75 NC,0,0,0,1,0,0,0,1,66.05,No,0
1159,470,72269268,181.363,I-75,0,0,1,1,0,0,0,0,46.67,No,0
1160,471,72269627,187.2,I-75,0,0,0,1,0,0,0,0,55.3,No,0
1161,472,72269628,187.686,I-75 NC,1,0,0,1,0,0,1,0,33.59,No,1
1162,473,72269899,185.131,I-75 NC,0,0,1,1,0,0,0,1,27.72,No,1
1163,474,72270016,190.701,I-75,1,0,0,1,0,0,0,1,48.21,No,0
1164,475,72270109,175.111,I-75 NC,0,0,0,1,0,0,0,0,55.29,No,0
1165,476,72270192,171.78900000000004,I-75 NC,0,0,0,0,0,0,0,0,60.46,No,0
1166,477,72270304,191.327,I-75,0,0,1,0,1,0,0,0,,,0
1167,478,72270355,181.962,I-75,0,0,1,0,1,0,0,0,11.21,No,1
1168,479,72270385,180.374,I-75,0,1,1,0,1,0,0,0,34.28,No,1
1169,480,72270416,180.35,I-75,0,0,1,0,1,0,0,0,60.07,No,0
1170,481,72270568,178.47,I-75,0,0,1,0,1,0,0,0,26.99,No,1
1171,482,72270598,190.159,I-75,1,1,0,0,0,0,0,1,55.3,No,0
1172,483,72270631,169.378,I-75,0,0,0,0,1,0,0,0,68.3,No,0
1173,484,72270751,171.74,I-75 NC,0,0,0,0,1,0,0,0,68.02,No,0
1174,485,72270758,188.952,I-75 NC,0,1,1,0,1,0,0,0,29.55,No,1
1175,486,72270777,189.6,I-75,1,1,1,0,1,0,0,1,55.3,No,0
1176,487,72271033,187.053,I-75 NC,0,0,0,1,0,0,0,0,14.71,No,1
1177,488,72271151,189.792,I-75,0,1,1,1,0,0,0,0,23.58,No,1
1178,489,72271167,172.91,I-75 NC,0,1,1,0,0,0,0,1,15.63,No,1
1179,490,72271315,181.539,I-75,0,0,0,0,0,0,0,0,46.61,No,0
1180,491,72271505,182.646,I-75,0,0,0,0,0,0,0,0,16.37,No,1
1181,492,72271538,180.358,I-75,0,0,1,0,1,0,0,1,56.36,No,0
1182,493,72271539,181.551,I-75,0,0,1,0,1,0,0,0,20.61,No,1
1183,494,72271546,189.475,I-75,1,1,0,1,0,0,0,0,50.16,No,0
1184,495,72271550,183.395,I-75 NC,0,0,0,1,0,0,0,0,55.81,No,0
1185,496,72271560,179.30200000000005,I-75 NC,0,0,0,1,0,0,0,0,59.67,No,0
1186,497,72271561,190.052,I-75,1,1,0,1,0,0,0,0,52.38,No,0
1187,498,72271702,184.271,I-75,0,0,1,0,1,0,0,0,46.31,No,0
1188,499,72271851,183.152,I-75,0,0,1,0,1,0,0,0,63.57,No,0
1189,500,72272021,190.686,I-75,0,0,0,0,1,0,0,0,17.8,No,1
1190,501,72272073,187.5,I-75,0,0,0,1,0,0,0,0,3.51,No,1
1191,502,72272474,191.486,I-75,0,0,1,0,1,0,0,0,,,0
1192,503,72272637,188.066,I-75 NC,0,0,0,0,1,0,0,1,6.62,No,1
1193,504,72272685,186.798,I-75,1,0,1,0,1,0,0,1,15.91,No,1
1194,505,72273014,185.992,I-75 NC,0,0,0,0,1,0,0,0,50.82,No,0
1195,506,72273023,183.072,I-75 NC,0,0,1,0,1,0,0,0,58.22,No,0
1196,507,72273052,185.403,I-75 NC,0,0,0,0,1,0,0,0,33.34,No,1
1197,508,72273356,177.794,I-75,0,0,0,0,1,0,0,0,59.06,No,0
1198,509,72273385,187.414,I-75,0,0,0,0,1,0,0,1,29.85,No,1
1199,510,72273518,183.504,I-75 NC,0,0,0,0,1,0,0,0,60.47,No,0
1200,511,72273567,188.312,I-75,0,0,0,0,1,0,0,0,20.87,No,1
1201,512,72273621,169.148,I-75,0,0,0,0,0,0,0,0,69.6,No,0
1202,513,72273627,183.666,I-75 NC,0,0,0,0,1,0,0,1,40.61,No,1
1203,514,72273805,179.09099999999995,I-75,0,0,1,0,1,0,0,0,37.25,No,1
1204,515,72273834,188.128,I-75 NC,0,0,1,0,1,0,0,0,5.59,No,1
1205,516,72273856,191.457,I-75 NC,0,0,1,0,1,0,0,0,,,0
1206,517,72273896,178.218,I-75,0,0,1,0,1,0,0,0,64.18,No,0
1207,518,72273943,189.393,I-75 NC,1,0,0,0,1,0,0,0,55.3,No,0
1208,519,72274106,179.81400000000005,I-75,0,0,0,0,1,0,0,0,27.49,No,1
1209,520,72274155,186.008,I-75 NC,0,1,1,0,1,0,0,0,56.67,No,0
1210,521,72274177,186.0,I-75 NC,0,0,1,0,1,0,0,0,59.44,No,0
1211,522,72274245,184.09,I-75 NC,0,0,1,0,1,0,0,0,57.92,No,0
1212,523,72274364,185.398,I-75 NC,0,0,0,0,1,0,0,0,39.71,No,1
1213,524,72274416,179.74200000000005,I-75,0,1,1,0,1,0,0,0,29.66,No,1
1214,525,72274451,187.355,I-75 NC,0,0,0,0,1,0,0,0,25.53,No,1
1215,526,72274474,168.924,I-75 NC,0,0,0,0,1,0,0,1,67.17,No,0
1216,527,72274517,187.084,I-75,0,0,0,1,0,0,0,0,53.98,No,0
1217,528,72274535,180.05,I-75 NC,0,0,1,0,1,0,0,1,65.24,No,0
1218,529,72274619,190.012,I-75 NC,0,1,1,0,1,0,0,0,5.45,No,1
1219,530,72274675,191.544,I-75 NC,0,0,1,0,1,0,0,0,,,0
1220,531,72274843,181.898,I-75,0,0,1,0,1,0,0,0,25.31,No,1
1221,532,72275042,182.034,I-75,0,0,1,1,0,0,0,1,21.44,No,1
1222,533,72275620,182.109,I-75,0,0,1,0,1,0,0,0,37.01,No,1
1223,534,72275828,190.971,I-75,0,1,0,0,1,0,0,1,34.7,No,1
1224,535,72276012,175.351,I-75,0,0,0,1,0,0,1,0,50.2,No,0
1225,536,72276033,175.516,I-75,0,0,0,1,0,0,1,1,61.78,No,0
1226,537,72276090,190.454,I-75,1,1,0,1,0,0,0,0,50.49,No,0
1227,538,72276134,178.02700000000004,I-75 NC,0,1,0,1,0,0,0,0,48.98,No,0
1228,539,72276137,177.67700000000005,I-75 NC,0,0,0,1,0,0,0,0,41.29,No,1
1229,540,72276308,186.935,I-75,1,0,1,0,1,0,0,1,35.99,No,1
1230,541,72276390,188.86900000000003,I-75,0,1,1,1,0,0,0,0,23.31,No,1
1231,542,72277223,186.298,I-75,0,0,0,0,1,0,0,1,55.3,No,0
1232,543,72277231,181.626,I-75,0,0,0,0,1,0,0,0,7.27,No,1
1233,544,72277270,185.547,I-75,0,0,0,0,1,0,0,0,22.24,No,1
1234,545,72277295,190.998,I-75 NC,0,0,1,0,1,0,0,1,46.12,No,0
1235,546,72277338,183.381,I-75,0,0,1,0,1,0,0,1,24.12,No,1
1236,547,72277380,181.881,I-75,0,1,1,0,1,0,0,0,9.96,No,1
1237,548,72277412,183.376,I-75,0,0,0,0,1,0,0,0,28.84,No,1
1238,549,72277416,186.162,I-75 NC,0,0,1,0,1,0,0,0,18.46,No,1
1239,550,72277633,187.364,I-75 NC,1,1,1,0,1,0,1,0,18.86,No,1
1240,551,72278037,183.313,I-75,0,0,0,0,1,0,0,0,,,0
1241,552,72278491,187.103,I-75,0,0,0,1,0,0,0,1,53.19,No,0
1242,553,72278659,185.95,I-75,0,0,0,0,1,0,0,0,22.02,No,1
1243,554,72278691,174.41,I-75,0,0,1,0,1,0,0,0,66.02,No,0
1244,555,72278730,185.925,I-75,0,0,1,0,1,0,0,1,33.63,No,1
1245,556,72278758,173.63099999999997,I-75 NC,0,0,1,0,1,0,0,1,4.98,No,1
1246,557,72278831,173.984,I-75,0,1,1,0,1,0,1,1,66.87,No,0
1247,558,72279322,167.93599999999995,I-75,0,0,1,0,1,0,0,1,70.21,No,0
1248,559,72279346,184.113,I-75 NC,0,0,1,0,1,0,0,0,39.7,No,1
1249,560,72279481,181.859,I-75,0,0,1,0,1,0,0,0,3.34,No,1
1250,561,72279495,183.078,I-75,0,0,1,0,1,0,0,1,9.08,No,1
1251,562,72279496,179.562,I-75,0,0,1,0,1,0,0,0,3.16,No,1
1252,563,72279519,180.907,I-75,0,0,0,0,1,0,0,0,62.22,No,0
1253,564,72279550,186.99,I-75,0,0,0,0,1,0,0,0,55.3,No,0
1254,565,72279768,182.085,I-75,0,0,1,0,1,0,0,0,16.53,No,1
1255,566,72279770,183.151,I-75,0,0,1,0,1,0,0,1,13.21,No,1
1256,567,72279789,175.865,I-75 NC,0,0,1,0,1,0,0,0,67.11,No,0
1257,568,72280160,168.503,I-75,1,0,0,1,0,1,0,0,70.21,No,0
1258,569,72280300,187.733,I-75,1,0,1,0,1,0,0,0,20.99,No,1
1259,570,72280344,191.446,I-75,0,0,1,0,1,0,0,0,,,0
1260,571,72280564,190.942,I-75,0,0,1,0,1,0,0,0,24.51,No,1
1261,572,72280714,187.51,I-75,0,0,0,0,1,0,0,1,17.26,No,1
1262,573,72280748,191.054,I-75,0,0,0,0,1,0,0,1,13.22,No,1
1263,574,72280758,183.264,I-75,0,0,1,0,1,0,0,0,63.57,No,0
1264,575,72280766,172.085,I-75 NC,0,0,0,0,0,0,0,0,68.09,No,0
1265,576,72280798,190.65,I-75,1,1,0,1,0,0,0,0,49.67,No,0
1266,577,72281028,190.41,I-75 NC,0,1,1,1,0,0,0,0,31.2,No,1
1267,578,72281032,182.645,I-75,0,0,0,1,0,0,0,1,20.76,No,1
1268,579,72281227,182.075,I-75,0,0,0,1,0,0,0,0,38.98,No,1
1269,580,72281240,178.02900000000002,I-75 NC,0,0,0,1,0,0,0,0,63.08,No,0
1270,581,72281340,175.252,I-75 NC,0,0,0,1,0,0,1,1,59.43,No,0
1271,582,72281445,182.385,I-75,0,0,1,1,0,0,0,1,38.22,No,1
1272,583,72281587,186.404,I-75,0,0,0,1,0,0,0,1,28.86,No,1
1273,584,72281968,185.873,I-75,0,0,0,0,1,0,0,1,22.99,No,1
1274,585,72282381,176.06900000000005,I-75 NC,0,0,0,0,1,0,0,0,52.27,No,0
1275,586,72282411,185.979,I-75,1,0,0,0,1,0,0,1,55.3,No,0
1276,587,72282519,179.612,I-75 NC,0,1,1,1,0,0,0,0,57.44,No,0
1277,588,72282640,176.55200000000005,I-75,0,0,1,1,0,0,0,1,57.84,No,0
1278,589,72282815,181.08,I-75 NC,0,0,1,0,0,0,0,0,65.24,No,0
1279,590,72282817,180.845,I-75 NC,0,0,0,0,0,0,0,0,64.81,No,0
1280,591,72283041,187.169,I-75,0,1,1,0,1,0,0,1,50.15,No,0
1281,592,72283151,182.731,I-75,0,0,1,1,0,0,0,1,47.69,No,0
1282,593,72283352,182.829,I-75 NC,0,0,0,0,1,0,0,1,58.14,No,0
1283,594,72283481,190.491,I-75,1,0,1,1,0,0,0,1,26.74,No,1
1284,595,72283483,189.49,I-75,1,1,1,1,0,0,0,0,24.85,No,1
1285,596,72283618,168.696,I-75,1,0,1,1,0,0,0,1,66.84,No,0
1286,597,72283631,179.38099999999997,I-75 NC,0,0,1,1,0,0,0,0,56.98,No,0
1287,598,72283645,190.874,I-75,0,0,1,0,0,0,0,0,46.53,No,0
1288,599,72283755,187.188,I-75 NC,0,0,0,1,0,0,0,0,54.69,No,0
1289,600,72284063,180.03599999999997,I-75,0,0,1,0,0,0,0,1,60.66,No,0
1290,601,72284631,183.892,I-75 NC,0,0,0,0,1,0,0,0,64.19,No,0
1291,602,72285073,191.504,I-75 NC,0,0,1,1,0,0,0,0,,,0
1292,603,72285720,185.30900000000003,I-75 NC,0,0,0,0,1,0,0,0,29.38,No,1
1293,604,72286220,178.576,I-75 NC,0,0,0,1,0,0,0,1,68.97,No,0
1294,605,72286427,168.66299999999995,I-75,0,0,0,0,1,1,0,1,65.22,No,0
1295,606,72286680,181.868,I-75,0,0,1,0,1,0,0,0,46.1,No,0
1296,607,72287079,187.487,I-75,1,1,0,0,1,0,0,0,40.71,No,1
1297,608,72287274,190.094,I-75 NC,0,1,1,0,1,0,0,0,54.4,No,0
1298,609,72287591,189.246,I-75 NC,1,1,1,0,1,0,0,0,55.3,No,0
1299,610,72287685,190.87,I-75,0,0,1,0,1,0,0,0,44.05,No,1
1300,611,72288006,182.419,I-75 NC,0,0,1,0,1,0,0,0,64.23,No,0
1301,612,72288056,178.498,I-75 NC,0,0,0,0,1,0,0,1,64.77,No,0
1302,613,72288176,186.022,I-75 NC,0,0,1,0,1,0,0,0,63.48,No,0
1303,614,72288359,175.65900000000005,I-75 NC,0,0,1,0,1,0,0,0,63.37,No,0
1304,615,72288545,182.669,I-75,0,0,0,0,1,0,0,0,43.63,No,1
1305,616,72288616,180.981,I-75,0,0,1,0,1,0,0,0,65.24,No,0
1306,617,72288625,186.594,I-75 NC,0,0,1,1,0,0,0,1,7.86,No,1
1307,618,72288626,186.909,I-75,1,1,1,0,1,0,0,0,16.57,No,1
1308,619,72288628,189.522,I-75 NC,1,1,1,0,1,0,0,1,46.84,No,0
1309,620,72288699,186.022,I-75 NC,0,0,1,0,1,0,0,1,57.11,No,0
1310,621,72288794,169.295,I-75 NC,0,0,0,0,1,0,0,1,5.04,No,1
1311,622,72288832,179.263,I-75 NC,0,0,1,0,1,0,0,0,63.09,No,0
1312,623,72288846,182.319,I-75 NC,0,0,0,0,1,0,0,1,58.55,No,0
1313,624,72288989,190.001,I-75,0,1,0,0,1,0,0,1,27.85,No,1
1314,625,72289753,189.098,I-75,0,1,0,1,0,0,0,0,28.35,No,1
1315,626,72289797,188.819,I-75,0,0,0,1,0,0,0,1,21.01,No,1
1316,627,72289798,188.807,I-75 NC,0,0,0,1,0,0,0,0,49.77,No,0
1317,628,72289847,184.147,I-75,1,0,0,1,0,0,0,0,55.3,No,0
1318,629,72290036,188.892,I-75,0,1,0,1,0,0,0,1,21.01,No,1
1319,630,72290047,190.564,I-75,1,0,1,1,0,0,0,0,48.22,No,0
1320,631,72290052,189.164,I-75,0,1,1,1,0,0,0,0,24.94,No,1
1321,632,72290057,190.564,I-75,0,0,1,1,0,0,0,0,27.11,No,1
1322,633,72290060,185.026,I-75,0,0,1,0,1,0,0,0,55.3,No,0
1323,634,72290071,190.709,I-75,0,0,1,1,0,0,0,0,48.22,No,0
1324,635,72290090,191.419,I-75 NC,0,0,1,0,1,0,0,0,,,0
1325,636,72290153,179.12099999999995,I-75 NC,0,0,0,1,0,0,0,1,60.17,No,0
1326,637,72290498,184.141,I-75 NC,0,0,1,1,0,0,0,0,61.57,No,0
1327,638,72291358,189.99400000000003,I-75 NC,1,1,0,0,1,0,0,0,51.74,No,0
1328,639,72291361,182.535,I-75,0,0,0,0,1,0,0,0,65.24,No,0
1329,640,72291696,189.99400000000003,I-75,0,1,1,0,1,0,0,1,21.08,No,1
1330,641,72292107,183.341,I-75,0,0,1,0,1,0,0,0,37.55,No,1
1331,642,72292546,182.64,I-75 NC,0,0,1,0,1,0,0,0,18.63,No,1
1332,643,72292977,182.403,I-75,0,0,1,0,1,0,0,0,48.02,No,0
1333,644,72293002,178.884,I-75 NC,0,0,0,1,0,0,0,1,47.08,No,0
1334,645,72293034,171.863,I-75 NC,0,1,1,1,0,0,0,0,63.15,No,0
1335,646,72293065,189.565,I-75,1,1,0,1,0,0,0,1,21.4,No,1
1336,647,72293079,190.081,I-75 NC,0,0,1,1,0,0,0,1,51.34,No,0
1337,648,72293089,186.175,I-75,0,0,0,0,1,0,0,1,55.3,No,0
1338,649,72293288,191.456,I-75 NC,0,0,1,0,1,0,0,0,,,0
1339,650,72293359,185.89,I-75,0,0,1,0,0,0,0,0,4.64,No,1
1340,651,72293412,172.78,I-75,0,0,0,1,0,0,0,1,39.14,No,1
1341,652,72293525,190.32,I-75 NC,0,1,0,1,0,0,0,0,24.42,No,1
1342,653,72293597,187.238,I-75,0,0,0,1,0,0,0,0,26.39,No,1
1343,654,72293613,187.209,I-75,0,1,0,1,0,0,0,1,19.44,No,1
1344,655,72293673,175.014,I-75 NC,0,0,0,1,0,0,0,0,66.02,No,0
1345,656,72293850,187.162,I-75,0,1,1,0,1,0,0,0,19.98,No,1
1346,657,72293873,186.661,I-75,0,1,1,0,1,0,0,0,5.93,No,1
1347,658,72293897,182.83,I-75,0,0,1,0,1,0,0,1,30.78,No,1
1348,659,72294041,187.106,I-75,0,0,0,1,0,0,0,0,33.25,No,1
1349,660,72294275,177.66299999999995,I-75 NC,0,0,1,0,1,0,0,0,64.1,No,0
1350,661,72294277,176.179,I-75,0,0,1,0,1,0,0,0,51.03,No,0
1351,662,72294280,191.282,I-75,0,0,1,0,1,0,0,0,51.4,No,0
1352,663,72294387,183.54,I-75 NC,0,0,0,0,1,0,0,0,58.85,No,0
1353,664,72294892,186.659,I-75 NC,0,0,0,0,1,0,0,0,56.67,No,0
1354,665,72295015,185.641,I-75 NC,1,0,1,0,0,0,0,0,63.51,No,0
1355,666,72295367,183.303,I-75 NC,0,0,1,0,1,0,0,0,61.91,No,0
1356,667,72295384,184.383,I-75 NC,0,0,1,0,1,0,0,1,49.47,No,0
1357,668,72295447,186.896,I-75,1,0,1,0,1,1,0,1,55.3,No,0
1358,669,72295543,168.665,I-75,1,0,0,1,0,0,1,0,62.3,No,0
1359,670,72295575,179.66400000000004,I-75,0,0,0,0,1,0,0,0,64.06,No,0
1360,671,72295581,189.479,I-75,1,1,0,1,0,0,1,1,38.21,No,1
1361,672,72295599,168.718,I-75 NC,1,0,0,0,1,0,0,0,70.21,No,0
1362,673,72295733,181.61900000000003,I-75,1,0,1,0,1,0,0,0,65.24,No,0
1363,674,72295987,191.201,I-75,0,0,0,0,0,0,0,0,19.82,No,1
1364,675,72296088,187.356,I-75,1,0,0,1,0,0,1,0,55.3,No,0
1365,676,72296317,182.837,I-75,0,0,1,0,1,0,0,1,37.45,No,1
1366,677,72296476,182.091,I-75,0,0,1,0,1,0,0,0,22.47,No,1
1367,678,72296497,182.978,I-75,0,0,1,0,1,0,0,0,56.08,No,0
1368,679,72296502,186.597,I-75,0,0,0,0,0,0,0,0,35.8,No,1
1369,680,72296510,172.921,I-75 NC,0,0,0,0,1,0,0,0,65.51,No,0
1370,681,72296528,185.634,I-75,0,0,0,0,1,0,0,0,55.3,No,0
1371,682,72296698,181.906,I-75,0,0,1,0,1,0,0,0,39.14,No,1
1372,683,72296996,185.498,I-75 NC,0,0,0,0,1,0,0,0,65.24,No,0
1373,684,72297107,176.362,I-75 NC,0,0,0,0,1,1,0,1,63.76,No,0
1374,685,72297130,189.958,I-75,0,1,0,1,0,0,0,0,19.06,No,1
1375,686,72297339,190.496,I-75,0,0,0,1,0,0,0,0,35.14,No,1
1376,687,72297376,174.985,I-75,0,0,0,1,0,0,0,0,66.8,No,0
1377,688,72297383,191.533,I-75,0,0,1,0,0,0,0,0,,,0
1378,689,72297881,187.143,I-75,0,0,1,1,0,0,0,0,17.92,No,1
